Date,Time,"Virtual Memory Commited [MB]","Virtual Memory Available [MB]","Virtual Memory Load [%]","Physical Memory Used [MB]","Physical Memory Available [MB]","Physical Memory Load [%]","Page File Usage [%]","Core 0 VID [V]","Core 1 VID [V]","Core 2 VID [V]","Core 3 VID [V]","Core 4 VID [V]","Core 5 VID [V]","Core 0 Clock [MHz]","Core 1 Clock [MHz]","Core 2 Clock [MHz]","Core 3 Clock [MHz]","Core 4 Clock [MHz]","Core 5 Clock [MHz]","Bus Clock [MHz]","Ring/LLC Clock [MHz]","System Agent Clock [MHz]","Core 0 Effective Clock [MHz]","Core 1 Effective Clock [MHz]","Core 2 Effective Clock [MHz]","Core 3 Effective Clock [MHz]","Core 4 Effective Clock [MHz]","Core 5 Effective Clock [MHz]","Average Effective Clock [MHz]","Core 0 Usage [%]","Core 1 Usage [%]","Core 2 Usage [%]","Core 3 Usage [%]","Core 4 Usage [%]","Core 5 Usage [%]","Max CPU/Thread Usage [%]","Total CPU Usage [%]","On-Demand Clock Modulation [%]","Core 0 Ratio [x]","Core 1 Ratio [x]","Core 2 Ratio [x]","Core 3 Ratio [x]","Core 4 Ratio [x]","Core 5 Ratio [x]","Uncore Ratio [x]","Core 0 [°C]","Core 1 [°C]","Core 2 [°C]","Core 3 [°C]","Core 4 [°C]","Core 5 [°C]","Core 0 Distance to TjMAX [°C]","Core 1 Distance to TjMAX [°C]","Core 2 Distance to TjMAX [°C]","Core 3 Distance to TjMAX [°C]","Core 4 Distance to TjMAX [°C]","Core 5 Distance to TjMAX [°C]","CPU Package [°C]","Core Max [°C]","Core 0 Thermal Throttling [Yes/No]","Core 1 Thermal Throttling [Yes/No]","Core 2 Thermal Throttling [Yes/No]","Core 3 Thermal Throttling [Yes/No]","Core 4 Thermal Throttling [Yes/No]","Core 5 Thermal Throttling [Yes/No]","Core 0 Critical Temperature [Yes/No]","Core 1 Critical Temperature [Yes/No]","Core 2 Critical Temperature [Yes/No]","Core 3 Critical Temperature [Yes/No]","Core 4 Critical Temperature [Yes/No]","Core 5 Critical Temperature [Yes/No]","Core 0 Power Limit Exceeded [Yes/No]","Core 1 Power Limit Exceeded [Yes/No]","Core 2 Power Limit Exceeded [Yes/No]","Core 3 Power Limit Exceeded [Yes/No]","Core 4 Power Limit Exceeded [Yes/No]","Core 5 Power Limit Exceeded [Yes/No]","Package/Ring Thermal Throttling [Yes/No]","Package/Ring Critical Temperature [Yes/No]","Package/Ring Power Limit Exceeded [Yes/No]","CPU Package [°C]","CPU IA Cores [°C]","IA Voltage Offset [V]","GT (Slice) Voltage Offset [V]","CLR (CBo/LLC/Ring) Voltage Offset [V]","GT (Unslice) Voltage Offset [V]","Uncore/SA Voltage Offset [V]","CPU Package Power [W]","IA Cores Power [W]","Total DRAM Power [W]","Rest-of-Chip Power [W]","GPU GT Usage [%]","GPU Media Engine Usage [%]","Core 0 T0 C0 Residency [%]","Core 1 T0 C0 Residency [%]","Core 2 T0 C0 Residency [%]","Core 3 T0 C0 Residency [%]","Core 4 T0 C0 Residency [%]","Core 5 T0 C0 Residency [%]","Core 0 C3 Residency [%]","Core 1 C3 Residency [%]","Core 2 C3 Residency [%]","Core 3 C3 Residency [%]","Core 4 C3 Residency [%]","Core 5 C3 Residency [%]","Core 0 C7 Residency [%]","Core 1 C7 Residency [%]","Core 2 C7 Residency [%]","Core 3 C7 Residency [%]","Core 4 C7 Residency [%]","Core 5 C7 Residency [%]","Memory Clock [MHz]","Memory Clock Ratio [x]","Tcas [T]","Trcd [T]","Trp [T]","Tras [T]","Trfc [T]","Command Rate [T]","IA: PROCHOT [Yes/No]","IA: Thermal Event [Yes/No]","IA: DDR RAPL [Yes/No]","IA: PCS (PECI) [Yes/No]","IA: Residency State Regulation [Yes/No]","IA: Running Average Thermal Limit [Yes/No]","IA: VR Thermal Alert [Yes/No]","IA: VR TDC [Yes/No]","IA: Electrical Design Point/Other (ICCmax,PL4,SVID,DDR RAPL) [Yes/No]","IA: Package-Level RAPL/PBM PL1 [Yes/No]","IA: Package-Level RAPL/PBM PL2,PL3 [Yes/No]","IA: Max Turbo Limit [Yes/No]","IA: Turbo Attenuation (MCT) [Yes/No]","GT: Thermal Event [Yes/No]","GT: DDR RAPL [Yes/No]","IA: Thermal Velocity Boost [Yes/No]","GT: Residency State Regulation [Yes/No]","GT: Running Average Thermal Limit [Yes/No]","GT: VR Thermal Alert [Yes/No]","GT: VR TDC [Yes/No]","GT: Max VR Voltage, ICCmax, PL4 [Yes/No]","GT: Domain-Level PBM PLGT [Yes/No]","GT: Package-Level RAPL/PBM PL1 [Yes/No]","GT: Package-Level RAPL/PBM PL2,PL3 [Yes/No]","GT: Inefficient Operation [Yes/No]","GT: Fuses limit [Yes/No]","RING: VR Thermal Alert [Yes/No]","RING: VR TDC [Yes/No]","RING: Max VR Voltage, ICCmax, PL4 [Yes/No]","RING: Package-Level RAPL/PBM PL1 [Yes/No]","RING: Package-Level RAPL/PBM PL2,PL3 [Yes/No]","System [°C]","MOS [°C]","CPU Socket [°C]","CPU Core [°C]","Vcore [V]","+5V [V]","+3.3V (AVCC) [V]","+3.3V (3VCC) [V]","+12V [V]","CPU I/O [V]","3VSB [V]","VTT [V]","VCCSA [V]","iGPU [V]","PCH [V]","DRAM [V]","VIN7 [V]","CPU [RPM]","System 4 [RPM]","Chassis Intrusion [Yes/No]","Drive Temperature [°C]","Drive Temperature 2 [°C]","Drive Remaining Life [%]","Drive Failure [Yes/No]","Drive Warning [Yes/No]","Total Host Writes [GB]","Total Host Reads [GB]","Read Activity [%]","Write Activity [%]","Total Activity [%]","Read Rate [MB/s]","Write Rate [MB/s]","Read Total [MB]","Write Total [MB]","GPU Temperature [°C]","GPU Core Voltage [V]","GPU PCIe +12V Input Voltage [V]","GPU 6-pin #1 Input Voltage [V]","GPU Fan [RPM]","GPU Power [W]","GPU PCIe +12V Input Power [W]","GPU 6-pin #1 Input Power [W]","GPU FBVDD_Q Input Power (sum) [W]","GPU Core (NVVDD) Input Power (sum) [W]","GPU Core (NVVDD) Output Power (sum) [W]","GPU Clock [MHz]","GPU Memory Clock [MHz]","GPU Video Clock [MHz]","GPU Effective Clock [MHz]","GPU Core Load [%]","GPU Memory Controller Load [%]","GPU Video Engine Load [%]","GPU Bus Load [%]","GPU Memory Usage [%]","GPU D3D Usage [%]","GPU Video Decode 0 Usage [%]","GPU Video Encode 0 Usage [%]","GPU Computing (Compute_0) Usage [%]","GPU Computing (Compute_1) Usage [%]","GPU VR Usage [%]","GPU Fan [%]","Performance Limit - Power [Yes/No]","Performance Limit - Thermal [Yes/No]","Performance Limit - Reliability Voltage [Yes/No]","Performance Limit - Max Operating Voltage [Yes/No]","Performance Limit - Utilization [Yes/No]","Performance Limit - SLI GPUBoost Sync [Yes/No]","Total GPU Power (normalized) [% of TDP] [%]","Total GPU Power [% of TDP] [%]","GPU Memory Allocated [MB]","GPU D3D Memory Dedicated [MB]","GPU D3D Memory Dynamic [MB]","PCIe Link Speed [GT/s]","Total DL [MB]","Total UP [MB]","Current DL rate [KB/s]","Current UP rate [KB/s]","Total Errors []","VBAT [V]",
17.2.2021,13:21:56.014,6311,12440,33.6,4358,11960,26.7,0.0,1.177,1.184,1.189,1.179,1.219,1.184,3900.9,3900.9,3900.9,3900.9,3900.9,3900.9,100.0,3600.9,1000.2,514.5,578.7,311.7,313.7,265.9,301.7,381.0,12.4,13.1,3.8,1.5,5.4,7.7,13.1,7.3,100.0,39.0,39.0,39.0,39.0,39.0,39.0,36.0,49,51,49,50,49,48,51,49,51,50,51,52,51,51,No,No,No,No,No,No,No,No,No,No,No,No,No,No,No,No,No,No,No,No,No,53,53,0.000,0.000,0.000,0.000,0.000,17.949,11.537,0.725,6.448,0.0,0.0,13.5,14.8,8.0,8.1,6.8,7.7,10.9,3.4,4.0,3.5,3.0,4.5,60.7,69.0,77.6,74.4,80.8,76.7,1200.3,12.00,16,16,16,39,420,2,No,No,No,No,No,No,No,No,No,No,No,Yes,Yes,No,No,No,No,No,No,No,No,No,No,No,No,No,No,No,No,No,No,46.0,44.0,48.0,52.0,1.072,5.040,3.360,3.328,12.096,0.944,3.344,1.040,1.056,0.616,1.056,1.200,1.504,1320,918,No,50,73,100.0,No,No,5485,3414,0.1,0.1,0.1,0.105,0.168,7004,638,59,0.831,12.112,12.120,765,16.755,9.690,5.393,1.840,7.187,6.110,670.8,405.0,550.5,670.8,29.0,31.0,0.0,2.0,24.2,21.4,0.0,0.0,17.4,0.0,0.0,20,No,No,No,No,Yes,No,14.8,13.1,990,969,59,2.5,41,5,1.945,0.486,0,3.104,
17.2.2021,13:21:58.033,6311,12439,33.6,4364,11954,26.7,0.0,1.204,1.199,1.184,1.186,1.190,1.205,3999.0,3999.0,3999.0,3999.0,3999.0,3999.0,100.0,3699.1,999.8,521.7,846.3,436.5,280.5,203.8,243.9,422.1,13.8,23.0,3.8,6.1,1.5,3.8,23.0,8.7,100.0,40.0,40.0,40.0,40.0,40.0,40.0,37.0,48,51,48,49,48,48,52,49,52,51,52,52,51,51,No,No,No,No,No,No,No,No,No,No,No,No,No,No,No,No,No,No,No,No,No,52,52,0.000,0.000,0.000,0.000,0.000,18.397,11.972,0.729,6.451,0.0,0.0,13.7,21.7,11.2,7.2,5.2,6.2,5.7,3.1,4.5,6.6,1.6,1.3,66.8,60.0,72.9,77.5,87.7,84.8,1199.7,12.00,16,16,16,39,420,2,No,No,No,No,No,No,No,No,No,No,No,Yes,Yes,No,No,No,No,No,No,No,No,No,No,No,No,No,No,No,No,No,No,46.0,44.0,48.0,52.0,0.960,5.040,3.360,3.328,12.096,0.944,3.344,1.040,1.056,0.616,1.048,1.200,1.504,1295,917,No,50,73,100.0,No,No,5485,3414,0.1,0.2,0.3,0.196,0.038,7004,638,58,0.831,12.112,12.120,746,15.132,8.927,4.533,1.357,6.048,5.141,670.8,405.0,550.5,670.8,18.0,20.0,0.0,0.0,24.1,20.6,0.0,0.0,16.8,0.0,0.0,19,No,No,No,No,Yes,No,13.1,11.8,986,965,55,2.5,41,5,2.174,1.834,0,3.104,
17.2.2021,13:22:0.050,6338,12413,33.8,4383,11936,26.8,0.0,1.198,1.192,1.177,1.180,1.181,1.182,4000.0,4000.0,4000.0,4000.0,4000.0,4000.0,100.0,3700.0,1000.0,314.9,539.3,200.6,253.4,174.4,272.8,292.6,10.0,9.3,1.5,4.6,1.5,5.3,10.0,5.4,100.0,40.0,40.0,40.0,40.0,40.0,40.0,37.0,48,50,47,49,48,48,52,50,53,51,52,52,51,50,No,No,No,No,No,No,No,No,No,No,No,No,No,No,No,No,No,No,No,No,No,51,50,0.000,0.000,0.000,0.000,0.000,15.757,9.350,0.676,6.437,0.0,0.0,8.2,13.8,5.2,6.5,4.5,6.9,6.3,2.5,4.3,1.1,2.9,2.4,75.3,70.8,82.5,86.0,86.2,83.4,1200.0,12.00,16,16,16,39,420,2,No,No,No,No,No,No,No,No,No,No,No,Yes,Yes,No,No,No,No,No,No,No,No,No,No,No,No,No,No,No,No,No,No,46.0,44.0,48.0,51.0,1.032,5.040,3.360,3.328,12.096,0.944,3.344,1.040,1.056,0.624,1.048,1.200,1.504,1355,916,No,50,73,100.0,No,No,5485,3414,0.1,0.2,0.3,0.270,0.310,7004,639,58,0.831,12.112,12.120,724,14.550,8.636,4.242,1.163,5.660,4.812,670.8,405.0,550.5,670.8,17.0,20.0,0.0,0.0,24.3,17.1,0.0,0.0,12.8,0.0,0.0,18,No,No,No,No,Yes,No,13.4,11.4,995,973,59,2.5,41,5,0.178,0.062,0,3.104,
17.2.2021,13:22:2.070,6338,12412,33.8,4383,11936,26.8,0.0,1.178,1.189,1.174,1.182,1.182,1.197,4000.0,4000.0,4000.0,4000.0,4000.0,4000.0,100.0,3700.0,1000.0,297.5,465.6,218.3,247.2,198.7,175.3,267.1,6.2,8.5,1.5,6.2,1.5,2.3,8.5,4.4,100.0,40.0,40.0,40.0,40.0,40.0,40.0,37.0,49,51,47,49,48,48,51,49,53,51,52,52,51,51,No,No,No,No,No,No,No,No,No,No,No,No,No,No,No,No,No,No,No,No,No,52,52,0.000,0.000,0.000,0.000,0.000,15.741,9.344,0.656,6.431,0.0,0.0,7.7,11.9,5.6,6.3,5.1,4.5,5.2,2.8,5.4,4.4,2.4,3.2,75.0,75.9,78.2,82.0,82.8,83.9,1200.0,12.00,16,16,16,39,420,2,No,No,No,No,No,No,No,No,No,No,No,Yes,Yes,No,No,No,No,No,No,No,No,No,No,No,No,No,No,No,No,No,No,46.0,44.0,48.0,50.0,0.960,5.040,3.360,3.328,12.096,0.944,3.344,1.040,1.056,0.624,1.048,1.200,1.504,1300,917,No,50,73,100.0,No,No,5485,3414,0.0,0.1,0.2,0.162,0.504,7005,640,57,0.831,12.112,12.120,700,13.593,8.927,2.994,1.876,3.988,3.390,405.0,202.5,405.0,405.0,35.0,38.0,0.0,0.0,24.3,18.5,0.0,0.0,13.8,0.0,0.0,18,No,No,No,No,Yes,No,12.8,10.6,995,973,59,2.5,41,5,1.484,0.187,0,3.104,
17.2.2021,13:22:4.089,6345,12405,33.8,4385,11934,26.8,0.0,1.205,1.216,1.226,1.216,1.216,1.216,3899.1,3999.0,3999.0,3999.0,3999.0,3999.0,100.0,3699.1,999.8,339.1,568.2,235.9,212.3,149.3,232.5,289.6,4.6,12.4,2.3,3.1,0.0,5.4,12.4,4.6,100.0,39.0,40.0,40.0,40.0,40.0,40.0,37.0,49,52,47,49,48,48,51,48,53,51,52,52,51,52,No,No,No,No,No,No,No,No,No,No,No,No,No,No,No,No,No,No,No,No,No,53,53,0.000,0.000,0.000,0.000,0.000,16.003,9.600,0.666,6.436,0.0,0.0,8.9,14.5,6.0,5.4,3.8,5.9,5.0,5.3,2.6,1.2,1.2,2.0,70.8,68.1,81.9,86.9,90.0,86.4,1199.7,12.00,16,16,16,39,420,2,No,No,No,No,No,No,No,No,No,No,No,Yes,Yes,No,No,No,No,No,No,No,No,No,No,No,No,No,No,No,No,No,No,46.0,44.0,48.0,51.0,0.984,5.040,3.360,3.328,12.096,0.944,3.344,1.040,1.056,0.624,1.048,1.200,1.504,1301,929,No,50,73,100.0,No,No,5485,3414,0.2,0.1,0.4,0.660,0.345,7006,640,57,0.831,12.112,12.120,671,14.076,9.217,3.188,2.096,4.255,3.617,405.0,202.5,405.0,405.0,36.0,39.0,0.0,0.0,24.3,34.5,0.0,0.0,25.4,0.0,0.0,17,No,No,No,No,Yes,No,13.5,11.0,997,975,58,2.5,41,5,0.840,1.967,0,3.104,
17.2.2021,13:22:6.105,6322,12429,33.7,4374,11945,26.8,0.0,1.170,1.149,1.137,1.147,1.147,1.157,3899.1,3899.1,3899.1,3899.1,3899.1,3899.1,100.0,3599.1,999.8,278.7,406.6,220.0,228.5,145.5,175.0,242.4,6.9,10.8,1.5,3.8,1.5,4.6,10.8,4.9,100.0,39.0,39.0,39.0,39.0,39.0,39.0,36.0,48,49,47,48,47,48,52,51,53,52,53,52,50,49,No,No,No,No,No,No,No,No,No,No,No,No,No,No,No,No,No,No,No,No,No,50,50,0.000,0.000,0.000,0.000,0.000,14.991,8.587,0.645,6.431,0.0,0.0,7.2,10.4,5.7,5.8,3.7,4.5,7.5,2.8,4.4,3.6,1.3,2.0,73.2,75.4,80.4,82.8,89.9,87.4,1199.7,12.00,16,16,16,39,420,2,No,No,No,No,No,No,No,No,No,No,No,Yes,Yes,No,No,No,No,No,No,No,No,No,No,No,No,No,No,No,No,No,No,46.0,44.0,48.0,50.0,0.952,5.040,3.360,3.328,12.096,0.944,3.344,1.040,1.056,0.624,1.048,1.200,1.504,1301,927,No,50,73,100.0,No,No,5485,3414,0.1,0.0,0.1,0.227,0.010,7006,641,57,0.831,12.112,12.120,647,15.035,8.927,4.436,1.393,5.915,5.028,670.8,405.0,550.5,670.8,19.0,22.0,0.0,0.0,24.4,29.5,0.0,0.0,21.7,0.0,0.0,16,No,No,No,No,Yes,No,13.7,11.7,1001,979,58,2.5,41,5,1.541,0.186,0,3.104,
17.2.2021,13:22:8.122,6306,12444,33.6,4356,11963,26.6,0.0,1.197,1.168,1.148,1.167,1.157,1.157,3900.0,3900.0,3900.0,3900.0,3900.0,3900.0,100.0,3600.0,1000.0,438.6,576.7,341.9,285.6,204.0,230.0,346.1,10.7,11.5,4.6,3.8,3.8,3.0,11.5,6.2,100.0,39.0,39.0,39.0,39.0,39.0,39.0,36.0,48,50,48,49,47,47,52,50,52,51,53,53,51,50,No,No,No,No,No,No,No,No,No,No,No,No,No,No,No,No,No,No,No,No,No,51,51,0.000,0.000,0.000,0.000,0.000,16.509,10.093,0.711,6.447,0.0,0.0,11.4,14.7,8.7,7.3,5.2,5.9,10.9,3.4,2.7,2.1,1.0,0.7,62.2,70.5,79.9,83.3,87.8,86.3,1200.0,12.00,16,16,16,39,420,2,No,No,No,No,No,No,No,No,No,No,No,Yes,Yes,No,No,No,No,No,No,No,No,No,No,No,No,No,No,No,No,No,No,46.0,44.0,47.0,51.0,1.008,5.040,3.360,3.328,12.096,0.944,3.344,1.040,1.056,0.624,1.048,1.200,1.504,1296,927,No,50,73,100.0,No,No,5485,3414,2.4,0.0,2.4,10.829,0.087,7027,641,57,0.831,12.112,12.120,623,14.550,8.539,4.339,1.041,5.781,4.914,670.8,405.0,550.5,670.8,20.0,17.0,0.0,3.0,24.4,17.3,0.0,0.0,13.1,0.0,0.0,16,No,No,No,No,Yes,No,13.2,11.4,999,977,56,2.5,41,5,2.139,0.531,0,3.104,
17.2.2021,13:22:10.138,6323,12428,33.7,4376,11942,26.8,0.0,1.173,1.178,1.158,1.157,1.157,1.157,3900.9,3900.9,3900.9,3900.9,3900.9,3900.9,100.0,3600.9,1000.2,366.8,849.5,286.1,257.7,195.9,176.0,355.3,10.8,20.1,5.4,5.4,2.3,3.8,20.1,8.0,100.0,39.0,39.0,39.0,39.0,39.0,39.0,36.0,49,51,48,48,48,49,51,49,52,52,52,51,52,51,No,No,No,No,No,No,No,No,No,No,No,No,No,No,No,No,No,No,No,No,No,52,51,0.000,0.000,0.000,0.000,0.000,17.155,10.748,0.679,6.439,0.0,0.0,9.5,21.6,7.3,6.6,5.0,4.5,7.3,1.4,0.6,2.3,2.7,2.2,71.3,62.2,81.4,83.5,86.7,85.7,1200.3,12.00,16,16,16,39,420,2,No,No,No,No,No,No,No,No,No,No,No,Yes,Yes,No,No,No,No,No,No,No,No,No,No,No,No,No,No,No,No,No,No,46.0,44.0,47.0,53.0,1.128,5.040,3.360,3.328,12.096,0.944,3.344,1.040,1.056,0.632,1.048,1.200,1.504,1308,929,No,50,73,100.0,No,No,5485,3414,0.6,0.0,0.7,1.966,0.050,7031,641,57,0.831,12.112,12.120,601,16.851,9.786,5.393,1.936,7.187,6.110,670.8,405.0,550.5,670.8,19.0,22.0,0.0,0.0,24.7,17.7,0.0,0.0,12.8,0.0,0.0,15,No,No,No,No,Yes,No,13.1,13.2,1012,990,73,2.5,41,5,1.009,0.882,0,3.104,
17.2.2021,13:22:12.163,6321,12430,33.7,4374,11944,26.8,0.0,1.167,1.172,1.162,1.162,1.161,1.196,3900.0,3900.0,3900.0,3900.0,3900.0,3900.0,100.0,3600.0,1000.0,545.2,690.2,237.3,264.8,130.7,170.5,339.8,16.2,17.8,5.4,5.4,1.5,2.3,17.8,8.1,100.0,39.0,39.0,39.0,39.0,39.0,39.0,36.0,50,51,47,53,48,55,50,49,53,47,52,45,53,55,No,No,No,No,No,No,No,No,No,No,No,No,No,No,No,No,No,No,No,No,No,55,55,0.000,0.000,0.000,0.000,0.000,16.447,10.041,0.715,6.442,0.0,0.0,14.0,17.6,6.1,6.8,3.3,4.4,4.5,3.5,8.0,1.6,0.9,0.7,72.6,67.6,76.0,84.3,91.3,89.5,1200.0,12.00,16,16,16,39,420,2,No,No,No,No,No,No,No,No,No,No,No,Yes,Yes,No,No,No,No,No,No,No,No,No,No,No,No,No,No,No,No,No,No,46.0,44.0,47.0,51.0,0.944,5.040,3.360,3.328,12.096,0.944,3.344,1.040,1.056,0.632,1.048,1.200,1.504,1320,929,No,50,73,100.0,No,No,5485,3414,0.1,0.0,0.1,0.362,0.089,7032,641,57,0.831,12.112,12.120,582,16.561,9.690,5.199,1.901,6.932,5.893,670.8,405.0,550.5,670.8,27.0,29.0,0.0,1.0,24.7,30.5,0.0,0.0,12.4,0.0,0.0,15,No,No,No,No,Yes,No,15.3,12.9,1013,991,73,2.5,41,5,1.538,0.155,0,3.104,
17.2.2021,13:22:14.200,6315,12435,33.6,4375,11944,26.8,0.0,1.175,1.177,1.157,1.163,1.171,1.175,3899.1,3899.1,3899.1,3899.1,3899.1,3899.1,100.0,3599.1,999.8,467.5,604.2,236.0,214.3,156.7,143.1,303.6,12.4,13.9,2.3,1.5,1.5,0.7,13.9,5.4,100.0,39.0,39.0,39.0,39.0,39.0,39.0,36.0,48,50,47,47,47,55,52,50,53,53,53,45,53,55,No,No,No,No,No,No,No,No,No,No,No,No,No,No,No,No,No,No,No,No,No,54,54,0.000,0.000,0.000,0.000,0.000,15.860,9.442,0.697,6.443,0.0,0.0,12.0,15.4,6.1,5.5,4.0,3.7,3.3,1.2,5.1,1.4,2.9,0.4,74.0,74.4,80.0,86.6,87.0,91.0,1199.7,12.00,16,16,16,39,420,2,No,No,No,No,No,No,No,No,No,No,No,Yes,Yes,No,No,No,No,No,No,No,No,No,No,No,No,No,No,No,No,No,No,46.0,44.0,47.0,50.0,0.960,5.040,3.360,3.328,12.096,0.944,3.344,1.040,1.056,0.632,1.048,1.200,1.504,1296,928,No,50,73,100.0,No,No,5485,3414,0.0,0.0,0.0,0.000,0.018,7032,641,56,0.831,12.112,12.120,567,16.089,9.411,5.006,1.684,6.679,5.678,670.8,405.0,550.5,670.8,21.0,24.0,0.0,1.0,24.7,25.4,0.0,0.0,16.0,0.0,0.0,14,No,No,No,No,Yes,No,14.6,12.6,1013,991,73,2.5,41,5,3.179,0.386,0,3.104,
17.2.2021,13:22:16.217,6316,12435,33.6,4375,11944,26.8,0.0,1.149,1.179,1.174,1.154,1.165,1.175,3900.0,3900.0,3900.0,3900.0,3900.0,3900.0,100.0,3600.0,1000.0,504.7,606.7,187.9,238.9,136.1,148.1,303.7,11.4,15.2,3.0,3.0,0.0,4.5,15.2,6.2,100.0,39.0,39.0,39.0,39.0,39.0,39.0,36.0,48,51,47,48,47,47,52,49,53,52,53,53,51,51,No,No,No,No,No,No,No,No,No,No,No,No,No,No,No,No,No,No,No,No,No,50,50,0.000,0.000,0.000,0.000,0.000,16.057,9.648,0.696,6.439,0.0,0.0,13.0,15.5,4.8,6.1,3.5,3.8,3.5,1.2,3.8,6.7,0.4,1.6,71.8,73.0,81.3,79.0,91.2,87.5,1200.0,12.00,16,16,16,39,420,2,No,No,No,No,No,No,No,No,No,No,No,Yes,Yes,No,No,No,No,No,No,No,No,No,No,No,No,No,No,No,No,No,No,46.0,44.0,47.0,50.0,0.952,5.040,3.360,3.328,12.096,0.944,3.344,1.040,1.056,0.632,1.048,1.200,1.504,1304,929,No,50,74,100.0,No,No,5485,3414,0.0,0.0,0.0,0.064,0.048,7032,641,56,0.831,12.112,12.120,546,16.089,9.411,5.006,1.684,6.679,5.678,670.8,405.0,550.5,670.8,25.0,27.0,0.0,1.0,24.8,23.5,0.0,0.0,18.2,0.0,0.0,14,No,No,No,No,Yes,No,14.6,12.6,1014,992,73,2.5,41,5,1.440,1.514,0,3.104,
17.2.2021,13:22:18.233,6315,12436,33.6,4374,11944,26.8,0.0,1.203,1.161,1.152,1.154,1.154,1.156,3897.2,3897.2,3897.2,3897.2,3897.2,3897.2,99.9,3597.4,999.3,521.3,666.2,250.4,203.2,205.5,151.3,333.0,10.0,10.8,2.3,2.3,0.7,2.3,10.8,4.7,100.0,39.0,39.0,39.0,39.0,39.0,39.0,36.0,48,50,46,47,47,47,52,50,54,53,53,53,50,50,No,No,No,No,No,No,No,No,No,No,No,No,No,No,No,No,No,No,No,No,No,50,50,0.000,0.000,0.000,0.000,0.000,16.309,9.892,0.706,6.445,0.0,0.0,13.3,17.0,6.4,5.2,5.2,3.9,1.9,3.0,2.9,1.7,1.6,1.2,75.6,70.3,81.8,86.5,87.9,88.4,1199.1,12.00,16,16,16,39,420,2,No,No,No,No,No,No,No,No,No,No,No,Yes,Yes,No,No,No,No,No,No,No,No,No,No,No,No,No,No,No,No,No,No,46.0,44.0,47.0,50.0,0.968,5.040,3.360,3.328,12.096,0.944,3.344,1.040,1.056,0.632,1.048,1.200,1.504,1289,927,No,50,73,100.0,No,No,5485,3414,0.0,0.0,0.0,0.000,0.058,7032,641,56,0.831,12.112,12.120,525,16.947,9.883,5.393,2.033,7.187,6.110,670.8,405.0,550.5,670.8,28.0,30.0,0.0,1.0,24.8,26.1,0.0,0.0,16.6,0.0,0.0,13,No,No,No,No,Yes,No,15.0,13.2,1014,993,73,2.5,41,5,2.322,0.479,0,3.104,
17.2.2021,13:22:20.252,6317,12434,33.6,4374,11945,26.8,0.0,1.167,1.167,1.167,1.156,1.155,1.155,3900.0,3900.0,3900.0,3900.0,3900.0,3900.0,100.0,3600.0,1000.0,656.5,702.0,224.8,206.1,157.9,153.1,350.1,14.7,18.6,2.3,2.3,1.5,1.5,18.6,6.8,100.0,39.0,39.0,39.0,39.0,39.0,39.0,36.0,48,50,47,47,47,46,52,50,53,53,53,54,50,50,No,No,No,No,No,No,No,No,No,No,No,No,No,No,No,No,No,No,No,No,No,50,50,0.000,0.000,0.000,0.000,0.000,16.726,10.317,0.712,6.441,0.0,0.0,16.7,17.9,5.8,5.2,4.0,3.9,3.4,1.1,3.4,5.0,0.5,0.1,69.3,70.4,81.5,82.2,89.6,89.5,1200.0,12.00,16,16,16,39,420,2,No,No,No,No,No,No,No,No,No,No,No,Yes,Yes,No,No,No,No,No,No,No,No,No,No,No,No,No,No,No,No,No,No,46.0,44.0,47.0,50.0,0.952,5.040,3.360,3.328,12.096,0.944,3.344,1.040,1.056,0.640,1.048,1.200,1.504,1247,927,No,50,74,100.0,No,No,5485,3414,0.2,0.3,0.5,0.261,0.763,7032,643,56,0.831,12.112,12.120,508,18.100,10.562,5.866,2.554,7.817,6.645,670.8,405.0,550.5,670.8,33.0,31.0,0.0,1.0,24.8,28.9,0.0,0.0,13.5,0.0,0.0,13,No,No,No,No,Yes,No,15.4,14.1,1018,996,70,2.5,41,5,0.000,0.000,0,3.104,
17.2.2021,13:22:22.269,6317,12433,33.6,4374,11944,26.8,0.0,1.173,1.207,1.197,1.173,1.189,1.172,3899.1,3899.1,3899.1,3899.1,3899.1,3899.1,100.0,3599.1,999.8,471.5,658.2,252.1,198.3,168.7,161.8,318.4,11.6,16.2,3.8,2.3,0.7,3.1,16.2,6.3,100.0,39.0,39.0,39.0,39.0,39.0,39.0,36.0,48,49,46,48,47,47,52,51,54,52,53,53,49,49,No,No,No,No,No,No,No,No,No,No,No,No,No,No,No,No,No,No,No,No,No,51,51,0.000,0.000,0.000,0.000,0.000,16.052,9.644,0.699,6.441,0.0,0.0,12.2,16.8,6.5,5.1,4.3,4.1,5.4,1.5,2.7,1.0,0.3,1.4,70.9,72.8,81.6,88.6,89.2,88.7,1199.7,12.00,16,16,16,39,420,2,No,No,No,No,No,No,No,No,No,No,No,Yes,Yes,No,No,No,No,No,No,No,No,No,No,No,No,No,No,No,No,No,No,46.0,44.0,47.0,49.0,0.944,5.040,3.360,3.328,12.096,0.944,3.344,1.040,1.056,0.640,1.048,1.200,1.504,1243,925,No,50,74,100.0,No,No,5485,3414,0.0,0.0,0.1,0.081,0.121,7033,643,56,0.831,12.112,12.120,489,14.841,8.733,4.436,1.199,5.915,5.028,670.8,405.0,550.5,670.8,19.0,21.0,0.0,1.0,24.9,24.5,0.0,0.0,16.7,0.0,0.0,12,No,No,No,No,Yes,No,13.2,11.6,1019,997,70,2.5,41,5,1.515,0.183,0,3.104,
17.2.2021,13:22:24.287,6322,12429,33.7,4379,11939,26.8,0.0,1.185,1.173,1.173,1.158,1.176,1.156,3896.2,3896.2,3896.2,3896.2,3896.2,3896.2,99.9,3596.5,999.0,421.3,566.3,181.9,211.2,135.5,212.3,288.1,8.5,11.6,1.5,6.2,0.0,3.8,11.6,5.3,100.0,39.0,39.0,39.0,39.0,39.0,39.0,36.0,48,50,46,48,47,47,52,50,54,52,53,53,50,50,No,No,No,No,No,No,No,No,No,No,No,No,No,No,No,No,No,No,No,No,No,50,50,0.000,0.000,0.000,0.000,0.000,15.742,9.329,0.686,6.441,0.0,0.0,10.8,14.4,4.6,5.4,3.5,5.4,4.9,5.3,4.9,0.8,0.3,0.4,72.6,69.8,81.9,87.0,91.2,88.4,1198.8,12.00,16,16,16,39,420,2,No,No,No,No,No,No,No,No,No,No,No,Yes,Yes,No,No,No,No,No,No,No,No,No,No,No,No,No,No,No,No,No,No,46.0,44.0,47.0,49.0,0.968,5.040,3.360,3.328,12.096,0.944,3.344,1.040,1.056,0.640,1.056,1.200,1.504,1241,926,No,50,74,100.0,No,No,5485,3414,0.0,0.0,0.0,0.008,0.054,7033,643,56,0.831,12.112,12.120,469,15.519,9.217,4.630,1.622,6.169,5.244,670.8,405.0,550.5,670.8,19.0,22.0,0.0,1.0,24.9,19.0,0.0,0.0,15.0,0.0,0.0,12,No,No,No,No,Yes,No,14.1,12.1,1019,997,70,2.5,41,5,1.325,1.007,0,3.104,
17.2.2021,13:22:26.304,6346,12405,33.8,4402,11916,26.9,0.0,1.205,1.194,1.181,1.171,1.201,1.199,3900.0,3900.0,3900.0,3900.0,3900.0,3900.0,100.0,3600.0,1000.0,546.3,634.4,236.4,420.1,365.0,235.7,406.3,17.0,17.0,4.6,8.5,7.7,3.8,17.0,9.8,100.0,39.0,39.0,39.0,39.0,39.0,39.0,36.0,61,50,48,49,48,48,39,50,52,51,52,52,61,61,No,No,No,No,No,No,No,No,No,No,No,No,No,No,No,No,No,No,No,No,No,60,60,0.000,0.000,0.000,0.000,0.000,17.986,11.572,0.717,6.447,0.0,0.0,14.0,16.1,6.0,10.7,9.3,6.0,2.7,2.3,3.8,1.5,0.9,0.6,70.8,70.0,81.9,77.9,82.4,86.3,1200.0,12.00,16,16,16,39,420,2,No,No,No,No,No,No,No,No,No,No,No,Yes,Yes,No,No,No,No,No,No,No,No,No,No,No,No,No,No,No,No,No,No,46.0,44.0,47.0,54.0,1.160,5.040,3.360,3.328,12.096,0.944,3.360,1.040,1.056,0.640,1.048,1.200,1.504,1246,914,No,50,74,100.0,No,No,5485,3414,0.1,0.0,0.1,0.087,0.020,7033,643,56,0.831,12.112,12.120,457,16.755,10.077,5.006,2.350,6.679,5.678,670.8,405.0,550.5,670.8,23.0,25.0,0.0,1.0,24.9,22.0,0.0,0.0,17.2,0.0,0.0,12,No,No,No,No,Yes,No,14.8,13.1,1019,997,70,2.5,41,5,5.282,1.619,0,3.104,
17.2.2021,13:22:28.321,6312,12439,33.6,4377,11942,26.8,0.0,1.199,1.159,1.149,1.152,1.155,1.155,3900.0,3900.0,3900.0,3900.0,3900.0,3900.0,100.0,3600.0,1000.0,558.2,674.7,259.2,333.8,654.6,222.0,450.4,12.4,14.7,5.4,6.2,14.7,3.8,14.7,9.5,100.0,39.0,39.0,39.0,39.0,39.0,39.0,36.0,47,49,46,47,47,46,53,51,54,53,53,54,49,49,No,No,No,No,No,No,No,No,No,No,No,No,No,No,No,No,No,No,No,No,No,49,49,0.000,0.000,0.000,0.000,0.000,18.680,12.267,0.715,6.443,0.0,0.0,14.3,17.2,6.7,8.5,16.8,5.7,3.5,3.6,4.5,1.2,1.6,0.8,69.2,67.0,78.4,81.1,73.8,88.1,1200.0,12.00,16,16,16,39,420,2,No,No,No,No,No,No,No,No,No,No,No,Yes,Yes,No,No,No,No,No,No,No,No,No,No,No,No,No,No,No,No,No,No,46.0,44.0,47.0,49.0,0.960,5.040,3.360,3.328,12.096,0.944,3.344,1.040,1.056,0.640,1.048,1.200,1.504,1380,914,No,50,74,100.0,No,No,5485,3414,0.1,0.3,0.4,0.164,5.436,7033,653,56,0.831,12.112,12.120,439,16.186,9.605,4.909,1.913,6.545,5.564,670.8,405.0,550.5,670.8,20.0,23.0,0.0,1.0,24.9,21.4,0.0,0.0,16.6,0.0,0.0,11,No,No,No,No,Yes,No,14.3,12.6,1019,997,70,2.5,41,5,1.941,0.314,0,3.104,
17.2.2021,13:22:30.339,6314,12437,33.6,4377,11942,26.8,0.0,1.150,1.169,1.169,1.159,1.159,1.155,3900.0,3900.0,3900.0,3900.0,3900.0,3900.0,100.0,3600.0,1000.0,456.4,556.9,206.7,194.3,148.6,208.5,295.3,13.1,13.9,3.1,6.2,0.7,3.1,13.9,6.7,100.0,39.0,39.0,39.0,39.0,39.0,39.0,36.0,48,50,46,47,47,46,52,50,54,53,53,54,50,50,No,No,No,No,No,No,No,No,No,No,No,No,No,No,No,No,No,No,No,No,No,52,52,0.000,0.000,0.000,0.000,0.000,15.652,9.247,0.688,6.440,0.0,0.0,11.7,14.2,5.3,5.0,3.8,5.3,5.6,1.3,2.6,3.1,3.1,1.2,70.6,74.0,84.2,85.9,87.6,86.1,1200.0,12.00,16,16,16,39,420,2,No,No,No,No,No,No,No,No,No,No,No,Yes,Yes,No,No,No,No,No,No,No,No,No,No,No,No,No,No,No,No,No,No,46.0,44.0,46.0,49.0,0.952,5.040,3.360,3.328,12.096,0.944,3.360,1.040,1.056,0.640,1.056,1.200,1.504,1248,914,No,50,74,100.0,No,No,5485,3414,0.1,0.0,0.1,0.180,0.002,7033,653,55,0.831,12.112,12.120,423,15.992,9.508,4.812,1.852,6.412,5.451,670.8,405.0,550.5,670.8,22.0,25.0,0.0,1.0,24.9,21.4,0.0,0.0,16.6,0.0,0.0,11,No,No,No,No,Yes,No,14.7,12.5,1019,997,70,2.5,41,5,0.110,1.482,0,3.104,
17.2.2021,13:22:32.354,6314,12437,33.6,4375,11943,26.8,0.0,1.169,1.182,1.167,1.165,1.155,1.166,3900.0,3900.0,3900.0,3900.0,3900.0,3900.0,100.0,3600.0,1000.0,581.2,775.7,254.9,218.7,146.5,235.9,368.8,17.8,20.9,0.7,3.8,0.7,5.4,20.9,8.2,100.0,39.0,39.0,39.0,39.0,39.0,39.0,36.0,48,50,46,47,47,46,52,50,54,53,53,54,50,50,No,No,No,No,No,No,No,No,No,No,No,No,No,No,No,No,No,No,No,No,No,50,50,0.000,0.000,0.000,0.000,0.000,16.878,10.455,0.723,6.447,0.0,0.0,14.9,19.8,6.6,5.6,3.7,6.1,3.1,1.1,4.2,1.3,1.4,2.4,72.9,68.8,78.7,87.1,90.4,84.0,1200.0,12.00,16,16,16,39,420,2,No,No,No,No,No,No,No,No,No,No,No,Yes,Yes,No,No,No,No,No,No,No,No,No,No,No,No,No,No,No,No,No,No,46.0,44.0,46.0,49.0,0.976,5.040,3.360,3.328,12.096,0.944,3.360,1.040,1.056,0.640,1.048,1.200,1.504,1240,915,No,50,74,100.0,No,No,5485,3414,0.0,0.0,0.0,0.000,0.040,7033,654,55,0.831,12.112,12.120,408,16.089,9.508,4.909,1.816,6.545,5.564,670.8,405.0,550.5,670.8,23.0,25.0,0.0,1.0,24.9,24.4,0.0,0.0,12.4,0.0,0.0,10,No,No,No,No,Yes,No,14.8,12.6,1019,997,70,2.5,41,5,1.509,0.155,0,3.104,
17.2.2021,13:22:34.372,6308,12442,33.6,4372,11947,26.7,0.0,1.169,1.163,1.163,1.156,1.157,1.158,3899.1,3899.1,3899.1,3899.1,3899.1,3899.1,100.0,3599.1,999.8,547.2,753.2,265.3,224.0,170.4,193.9,359.0,12.3,15.3,6.1,4.6,1.5,3.0,15.3,7.1,100.0,39.0,39.0,39.0,39.0,39.0,39.0,36.0,47,49,46,46,47,46,53,51,54,54,53,54,49,49,No,No,No,No,No,No,No,No,No,No,No,No,No,No,No,No,No,No,No,No,No,50,50,0.000,0.000,0.000,0.000,0.000,16.649,10.234,0.724,6.444,0.0,0.0,14.1,19.2,6.8,5.7,4.4,4.9,3.4,1.5,0.8,1.9,2.5,0.5,72.0,70.6,83.8,86.7,87.3,87.3,1199.7,12.00,16,16,16,39,420,2,No,No,No,No,No,No,No,No,No,No,No,Yes,Yes,No,No,No,No,No,No,No,No,No,No,No,No,No,No,No,No,No,No,46.0,44.0,46.0,50.0,0.968,5.040,3.360,3.328,12.096,0.944,3.344,1.040,1.056,0.640,1.048,1.200,1.504,1245,912,No,50,74,100.0,No,No,5485,3414,0.0,0.0,0.1,0.081,0.073,7034,654,55,0.831,12.112,12.120,400,16.561,9.786,5.103,2.033,6.800,5.781,670.8,405.0,550.5,670.8,24.0,26.0,0.0,1.0,24.9,24.2,0.0,0.0,10.8,0.0,0.0,10,No,No,No,No,Yes,No,14.8,12.9,1019,997,70,2.5,41,5,0.379,0.210,0,3.104,
17.2.2021,13:22:36.389,6308,12443,33.6,4370,11949,26.7,0.0,1.188,1.159,1.169,1.154,1.165,1.164,3900.9,3900.9,3900.9,3900.9,3900.9,3900.9,100.0,3600.9,1000.2,540.4,740.9,208.3,289.1,174.1,162.3,352.5,14.7,17.8,3.8,6.2,1.5,4.6,17.8,8.1,100.0,39.0,39.0,39.0,39.0,39.0,39.0,36.0,47,49,46,47,47,46,53,51,54,53,53,54,49,49,No,No,No,No,No,No,No,No,No,No,No,No,No,No,No,No,No,No,No,No,No,50,50,0.000,0.000,0.000,0.000,0.000,16.501,10.086,0.721,6.446,0.0,0.0,13.8,18.8,5.3,7.4,4.4,4.1,2.1,1.1,3.7,2.2,1.6,2.4,75.2,71.0,82.1,83.4,88.6,86.0,1200.3,12.00,16,16,16,39,420,2,No,No,No,No,No,No,No,No,No,No,No,Yes,Yes,No,No,No,No,No,No,No,No,No,No,No,No,No,No,No,No,No,No,46.0,44.0,46.0,49.0,0.952,5.040,3.360,3.328,12.096,0.944,3.360,1.040,1.056,0.640,1.056,1.200,1.504,1248,912,No,50,74,100.0,No,No,5485,3414,0.2,0.0,0.2,0.278,0.004,7034,654,55,0.837,12.112,12.120,384,16.947,9.980,5.296,2.156,7.065,6.006,683.4,405.0,560.3,683.4,24.0,26.0,0.0,1.0,24.9,24.5,0.0,0.0,11.4,0.0,0.0,10,No,No,No,No,Yes,No,14.8,13.2,1019,997,70,2.5,41,5,1.539,0.124,0,3.104,
17.2.2021,13:22:38.408,6301,12449,33.6,4366,11953,26.7,0.0,1.180,1.174,1.162,1.152,1.182,1.165,3900.9,3900.9,3900.9,3900.9,3900.9,3900.9,100.0,3600.9,1000.2,500.5,747.8,268.5,230.4,179.1,189.2,352.6,13.1,17.8,3.8,3.1,0.7,3.1,17.8,6.9,100.0,39.0,39.0,39.0,39.0,39.0,39.0,36.0,48,52,46,47,47,47,52,48,54,53,53,53,52,52,No,No,No,No,No,No,No,No,No,No,No,No,No,No,No,No,No,No,No,No,No,52,52,0.000,0.000,0.000,0.000,0.000,16.254,9.838,0.723,6.447,0.0,0.0,12.9,19.2,6.9,5.9,4.6,4.9,1.7,2.2,1.5,0.6,2.1,1.8,75.7,70.0,81.2,87.7,87.9,85.6,1200.3,12.00,16,16,16,39,420,2,No,No,No,No,No,No,No,No,No,No,No,Yes,Yes,No,No,No,No,No,No,No,No,No,No,No,No,No,No,No,No,No,No,46.0,44.0,46.0,49.0,0.952,5.040,3.360,3.328,12.096,0.944,3.344,1.040,1.056,0.640,1.048,1.200,1.504,1240,912,No,50,74,100.0,No,No,5485,3414,0.1,0.1,0.2,0.129,0.239,7034,654,55,0.837,12.112,12.120,369,17.044,10.077,5.296,2.253,7.065,6.006,683.4,405.0,560.3,683.4,27.0,30.0,0.0,1.0,24.9,26.8,0.0,0.0,13.9,0.0,0.0,9,No,No,No,No,Yes,No,15.7,13.3,1019,997,70,2.5,41,5,3.023,1.280,0,3.104,
17.2.2021,13:22:40.423,6301,12449,33.6,4365,11953,26.7,0.0,1.189,1.171,1.146,1.181,1.156,1.156,3900.0,3900.0,3900.0,3900.0,3900.0,3900.0,100.0,3600.0,1000.0,499.8,613.2,226.6,200.5,155.5,173.9,311.6,17.0,16.2,2.3,3.8,0.0,3.1,17.0,7.1,100.0,39.0,39.0,39.0,39.0,39.0,39.0,36.0,47,48,46,47,47,46,53,52,54,53,53,54,49,48,No,No,No,No,No,No,No,No,No,No,No,No,No,No,No,No,No,No,No,No,No,50,50,0.000,0.000,0.000,0.000,0.000,15.926,9.518,0.697,6.440,0.0,0.0,12.8,15.6,5.8,5.1,4.0,4.4,3.1,2.3,2.3,2.6,0.5,1.7,74.2,71.3,83.8,86.2,89.4,86.4,1200.0,12.00,16,16,16,39,420,2,No,No,No,No,No,No,No,No,No,No,No,Yes,Yes,No,No,No,No,No,No,No,No,No,No,No,No,No,No,No,No,No,No,45.0,44.0,46.0,49.0,0.984,5.040,3.360,3.328,12.096,0.944,3.344,1.040,1.056,0.640,1.048,1.200,1.504,1244,912,No,50,74,100.0,No,No,5485,3414,0.0,0.0,0.0,0.004,0.012,7034,654,55,0.837,12.112,12.120,355,16.657,9.786,5.199,1.998,6.932,5.893,683.4,405.0,560.3,683.4,25.0,27.0,0.0,1.0,24.9,25.1,0.0,0.0,19.2,0.0,0.0,9,No,No,No,No,Yes,No,15.3,13.0,1019,997,70,2.5,41,5,0.000,0.000,0,3.104,
17.2.2021,13:22:42.440,6301,12449,33.6,4365,11954,26.7,0.0,1.162,1.167,1.177,1.157,1.155,1.154,3899.1,3899.1,3899.1,3899.1,3899.1,3899.1,100.0,3599.1,999.8,477.2,577.3,192.2,191.0,207.2,197.5,307.1,14.7,9.3,3.1,0.0,1.5,3.1,14.7,5.3,100.0,39.0,39.0,39.0,39.0,39.0,39.0,36.0,47,49,46,47,47,46,53,51,54,53,53,54,49,49,No,No,No,No,No,No,No,No,No,No,No,No,No,No,No,No,No,No,No,No,No,49,49,0.000,0.000,0.000,0.000,0.000,15.625,9.212,0.696,6.443,0.0,0.0,12.3,14.8,4.9,4.9,5.3,5.0,2.6,1.7,4.1,4.6,2.3,0.4,75.3,74.4,83.0,82.6,86.6,88.0,1199.7,12.00,16,16,16,39,420,2,No,No,No,No,No,No,No,No,No,No,No,Yes,Yes,No,No,No,No,No,No,No,No,No,No,No,No,No,No,No,No,No,No,45.0,44.0,46.0,49.0,0.952,5.040,3.360,3.328,12.096,0.944,3.344,1.040,1.056,0.648,1.048,1.200,1.504,1238,913,No,50,74,100.0,No,No,5485,3414,0.0,0.1,0.1,0.089,0.174,7035,655,55,0.837,12.112,12.120,344,16.754,9.786,5.296,1.963,7.065,6.006,683.4,405.0,560.3,683.4,23.0,26.0,0.0,1.0,24.9,23.7,0.0,0.0,17.1,0.0,0.0,9,No,No,No,No,Yes,No,15.0,13.1,1019,997,70,2.5,41,5,1.476,1.577,0,3.104,
17.2.2021,13:22:44.459,6302,12449,33.6,4365,11954,26.7,0.0,1.166,1.161,1.171,1.167,1.167,1.177,3898.1,3898.1,3898.1,3898.1,3898.1,3898.1,100.0,3598.2,999.5,567.2,739.3,210.9,215.5,150.9,182.2,344.3,13.9,16.2,3.8,3.1,0.0,3.8,16.2,6.8,100.0,39.0,39.0,39.0,39.0,39.0,39.0,36.0,47,48,46,47,47,46,53,52,54,53,53,54,49,48,No,No,No,No,No,No,No,No,No,No,No,No,No,No,No,No,No,No,No,No,No,50,50,0.000,0.000,0.000,0.000,0.000,16.319,9.906,0.716,6.443,0.0,0.0,14.5,18.8,5.4,5.5,3.9,4.7,2.0,1.1,2.4,1.8,0.5,0.6,72.7,70.1,84.9,86.3,89.9,88.6,1199.4,12.00,16,16,16,39,420,2,No,No,No,No,No,No,No,No,No,No,No,Yes,Yes,No,No,No,No,No,No,No,No,No,No,No,No,No,No,No,No,No,No,45.0,44.0,46.0,49.0,0.968,5.040,3.360,3.328,12.096,0.944,3.360,1.040,1.056,0.648,1.048,1.200,1.504,1240,913,No,50,74,100.0,No,No,5485,3414,0.0,0.0,0.0,0.064,0.178,7035,655,55,0.837,12.112,12.120,332,16.464,9.690,5.103,1.936,6.800,5.781,683.4,405.0,560.3,683.4,25.0,27.0,0.0,1.0,24.9,25.1,0.0,0.0,10.7,0.0,0.0,8,No,No,No,No,Yes,No,14.6,12.9,1019,997,70,2.5,41,5,3.044,0.297,0,3.104,
17.2.2021,13:22:46.475,6292,12458,33.5,4356,11963,26.6,0.0,1.179,1.160,1.157,1.157,1.157,1.157,3899.1,3899.1,3899.1,3899.1,3899.1,3899.1,100.0,3599.1,999.8,556.6,688.0,198.0,235.5,229.6,176.8,347.4,13.1,16.2,1.5,3.1,3.8,2.3,16.2,6.7,100.0,39.0,39.0,39.0,39.0,39.0,39.0,36.0,48,50,46,48,47,47,52,50,54,52,53,53,50,50,No,No,No,No,No,No,No,No,No,No,No,No,No,No,No,No,No,No,No,No,No,50,50,0.000,0.000,0.000,0.000,0.000,16.362,9.948,0.715,6.446,0.0,0.0,14.2,17.5,5.1,6.0,5.8,4.5,1.9,1.7,4.4,1.5,0.6,1.4,72.8,71.4,82.4,87.0,87.9,87.7,1199.7,12.00,16,16,16,39,420,2,No,No,No,No,No,No,No,No,No,No,No,Yes,Yes,No,No,No,No,No,No,No,No,No,No,No,No,No,No,No,No,No,No,45.0,44.0,46.0,49.0,0.968,5.040,3.360,3.328,12.096,0.944,3.344,1.040,1.056,0.648,1.048,1.200,1.504,1241,912,No,50,74,100.0,No,No,5485,3414,0.0,0.0,0.0,0.000,0.004,7035,655,55,0.837,12.112,12.120,322,17.335,10.271,5.393,2.421,7.187,6.110,683.4,405.0,560.3,683.4,28.0,30.0,0.0,1.0,24.9,26.7,0.0,0.0,13.7,0.0,0.0,8,No,No,No,No,Yes,No,15.7,13.5,1019,997,70,2.5,41,5,1.463,0.124,0,3.104,
17.2.2021,13:22:48.494,6293,12458,33.5,4354,11964,26.6,0.0,1.170,1.168,1.150,1.167,1.157,1.157,3900.0,3900.0,3900.0,3900.0,3900.0,3900.0,100.0,3600.0,1000.0,502.5,653.7,188.5,241.2,234.5,206.3,337.8,10.0,13.1,3.1,3.8,3.1,4.6,13.1,6.3,100.0,39.0,39.0,39.0,39.0,39.0,39.0,36.0,47,50,46,47,47,46,53,50,54,53,53,54,50,50,No,No,No,No,No,No,No,No,No,No,No,No,No,No,No,No,No,No,No,No,No,50,50,0.000,0.000,0.000,0.000,0.000,16.297,9.886,0.710,6.442,0.0,0.0,13.0,16.7,4.8,6.2,6.0,5.3,2.0,1.9,1.3,1.0,2.8,1.0,73.4,71.7,86.9,85.5,83.8,86.4,1200.0,12.00,16,16,16,39,420,2,No,No,No,No,No,No,No,No,No,No,No,Yes,Yes,No,No,No,No,No,No,No,No,No,No,No,No,No,No,No,No,No,No,45.0,44.0,46.0,49.0,0.976,5.040,3.360,3.328,12.096,0.944,3.344,1.040,1.056,0.648,1.048,1.200,1.504,1240,924,No,50,74,100.0,No,No,5485,3414,0.0,0.0,0.0,0.073,0.020,7035,655,55,0.837,12.112,12.120,307,17.335,10.271,5.393,2.421,7.187,6.110,683.4,405.0,560.3,683.4,25.0,27.0,0.0,1.0,24.9,28.1,0.0,0.0,18.9,0.0,0.0,8,No,No,No,No,Yes,No,15.7,13.5,1019,997,70,2.5,41,5,1.933,0.396,0,3.104,
17.2.2021,13:22:50.512,6292,12459,33.5,4354,11964,26.6,0.0,1.176,1.170,1.176,1.182,1.181,1.181,3999.0,3999.0,3999.0,3999.0,3999.0,3999.0,100.0,3699.1,999.8,454.6,643.2,201.5,214.9,137.5,179.6,305.2,6.2,14.7,0.7,1.5,0.7,3.1,14.7,4.5,100.0,40.0,40.0,40.0,40.0,40.0,40.0,37.0,47,49,46,47,47,46,53,51,54,53,53,54,49,49,No,No,No,No,No,No,No,No,No,No,No,No,No,No,No,No,No,No,No,No,No,51,51,0.000,0.000,0.000,0.000,0.000,16.006,9.597,0.694,6.440,0.0,0.0,11.6,16.3,5.1,5.4,3.5,4.6,3.5,2.2,3.0,0.8,2.6,1.4,74.2,70.2,83.2,87.4,86.9,88.2,1199.7,12.00,16,16,16,39,420,2,No,No,No,No,No,No,No,No,No,No,No,Yes,Yes,No,No,No,No,No,No,No,No,No,No,No,No,No,No,No,No,No,No,45.0,44.0,46.0,49.0,0.968,5.040,3.360,3.328,12.096,0.944,3.344,1.040,1.056,0.648,1.048,1.200,1.504,1246,924,No,51,74,100.0,No,No,5485,3414,0.0,0.0,0.0,0.000,0.000,7035,655,55,0.837,12.112,12.120,298,16.658,9.883,5.103,2.130,6.800,5.781,683.4,405.0,560.3,683.4,23.0,25.0,0.0,1.0,24.9,23.1,0.0,0.0,17.7,0.0,0.0,8,No,No,No,No,Yes,No,15.0,13.0,1019,997,66,2.5,41,5,0.034,0.031,0,3.104,
17.2.2021,13:22:52.528,6294,12456,33.5,4354,11964,26.6,0.0,1.200,1.189,1.170,1.184,1.199,1.184,3998.0,3998.0,3998.0,3998.0,3998.0,3998.0,100.0,3698.2,999.5,432.9,594.5,185.8,208.0,178.9,219.5,303.3,6.9,10.7,1.5,3.8,1.5,6.1,10.7,5.1,100.0,40.0,40.0,40.0,40.0,40.0,40.0,37.0,48,51,46,48,47,46,52,49,54,52,53,54,51,51,No,No,No,No,No,No,No,No,No,No,No,No,No,No,No,No,No,No,No,No,No,51,51,0.000,0.000,0.000,0.000,0.000,15.879,9.469,0.693,6.441,0.0,0.0,11.1,15.1,4.8,5.3,4.6,5.6,5.4,2.6,1.5,0.9,0.7,1.7,71.0,70.1,85.5,85.0,90.4,85.5,1199.4,12.00,16,16,16,39,420,2,No,No,No,No,No,No,No,No,No,No,No,Yes,Yes,No,No,No,No,No,No,No,No,No,No,No,No,No,No,No,No,No,No,45.0,44.0,46.0,49.0,0.936,5.040,3.360,3.328,12.096,0.944,3.360,1.040,1.056,0.648,1.048,1.200,1.504,1238,925,No,51,74,100.0,No,No,5485,3414,0.0,0.0,0.0,0.064,0.056,7035,655,55,0.837,12.112,12.120,286,16.089,9.508,4.909,1.816,6.545,5.564,683.4,405.0,560.3,683.4,21.0,23.0,0.0,1.0,24.9,22.8,0.0,0.0,17.8,0.0,0.0,7,No,No,No,No,Yes,No,14.6,12.6,1019,997,66,2.5,41,5,1.680,0.311,0,3.104,
17.2.2021,13:22:54.545,6294,12456,33.5,4354,11964,26.6,0.0,1.204,1.191,1.158,1.149,1.174,1.179,3900.0,3900.0,3900.0,3900.0,3900.0,3900.0,100.0,3600.0,1000.0,495.1,577.6,224.2,196.8,158.8,165.9,303.1,8.5,13.1,1.5,2.3,2.3,3.8,13.1,5.3,100.0,39.0,39.0,39.0,39.0,39.0,39.0,36.0,47,49,46,47,47,46,53,51,54,53,53,54,49,49,No,No,No,No,No,No,No,No,No,No,No,No,No,No,No,No,No,No,No,No,No,49,49,0.000,0.000,0.000,0.000,0.000,15.799,9.388,0.693,6.441,0.0,0.0,12.7,14.7,5.7,5.0,4.1,4.2,7.7,3.3,3.4,1.2,0.7,2.3,66.5,72.3,82.2,87.6,90.1,85.7,1200.0,12.00,16,16,16,39,420,2,No,No,No,No,No,No,No,No,No,No,No,Yes,Yes,No,No,No,No,No,No,No,No,No,No,No,No,No,No,No,No,No,No,45.0,44.0,46.0,49.0,0.952,5.040,3.360,3.328,12.096,0.944,3.344,1.040,1.056,0.648,1.048,1.200,1.504,1245,924,No,51,74,100.0,No,No,5485,3414,0.1,0.1,0.2,0.129,0.422,7035,656,55,0.837,12.112,12.120,276,16.561,9.786,5.103,2.033,6.800,5.781,683.4,405.0,560.3,683.4,21.0,24.0,0.0,1.0,24.9,22.2,0.0,0.0,17.1,0.0,0.0,7,No,No,No,No,Yes,No,14.7,12.9,1019,997,66,2.5,41,5,1.119,2.336,0,3.104,
17.2.2021,13:22:56.563,6289,12461,33.5,4354,11965,26.6,0.0,1.196,1.160,1.148,1.155,1.157,1.158,3900.0,3900.0,3900.0,3900.0,3900.0,3900.0,100.0,3600.0,1000.0,418.0,545.9,269.9,266.8,180.1,182.2,310.5,13.9,13.9,3.1,4.6,2.3,3.1,13.9,6.8,100.0,39.0,39.0,39.0,39.0,39.0,39.0,36.0,47,49,46,47,47,46,53,51,54,53,53,54,49,49,No,No,No,No,No,No,No,No,No,No,No,No,No,No,No,No,No,No,No,No,No,49,49,0.000,0.000,0.000,0.000,0.000,15.670,9.264,0.694,6.438,0.0,0.0,10.7,13.9,6.9,6.8,4.6,4.6,6.9,2.2,2.2,4.6,2.1,0.9,71.4,74.9,81.6,81.4,87.2,87.6,1200.0,12.00,16,16,16,39,420,2,No,No,No,No,No,No,No,No,No,No,No,Yes,Yes,No,No,No,No,No,No,No,No,No,No,No,No,No,No,No,No,No,No,45.0,44.0,46.0,49.0,0.976,5.040,3.360,3.328,12.096,0.944,3.360,1.040,1.056,0.648,1.048,1.200,1.504,1237,924,No,51,74,100.0,No,No,5485,3414,0.0,0.0,0.1,0.064,0.062,7035,656,55,0.837,12.112,12.120,265,16.089,9.508,4.909,1.816,6.545,5.564,683.4,405.0,560.3,683.4,20.0,23.0,0.0,1.0,24.9,20.5,0.0,0.0,15.8,0.0,0.0,7,No,No,No,No,Yes,No,13.8,12.6,1019,997,66,2.5,41,5,1.538,0.184,0,3.104,
17.2.2021,13:22:58.583,6291,12460,33.5,4354,11965,26.6,0.0,1.207,1.234,1.203,1.202,1.229,1.219,4000.0,4000.0,4000.0,4000.0,4000.0,3900.0,100.0,3700.0,1000.0,405.8,605.8,201.0,197.2,172.8,189.3,295.3,9.3,13.9,3.1,1.5,2.3,2.3,13.9,5.4,100.0,40.0,40.0,40.0,40.0,40.0,39.0,37.0,47,49,46,47,47,46,53,51,54,53,53,54,49,49,No,No,No,No,No,No,No,No,No,No,No,No,No,No,No,No,No,No,No,No,No,50,50,0.000,0.000,0.000,0.000,0.000,15.488,9.078,0.686,6.440,0.0,0.0,10.4,15.4,5.1,5.0,4.4,4.8,3.7,3.0,3.6,1.7,2.2,2.8,75.2,69.7,83.2,86.7,86.6,87.0,1200.0,12.00,16,16,16,39,420,2,No,No,No,No,No,No,No,No,No,No,No,Yes,Yes,No,No,No,No,No,No,No,No,No,No,No,No,No,No,No,No,No,No,45.0,44.0,46.0,49.0,0.960,5.040,3.360,3.328,12.096,0.944,3.360,1.040,1.056,0.648,1.048,1.200,1.504,1238,924,No,51,74,100.0,No,No,5485,3414,0.0,0.0,0.1,0.040,0.192,7035,656,55,0.837,12.112,12.120,254,16.089,9.508,4.909,1.816,6.545,5.564,683.4,405.0,560.3,683.4,20.0,23.0,0.0,1.0,24.9,20.9,0.0,0.0,16.3,0.0,0.0,6,No,No,No,No,Yes,No,14.4,12.6,1019,997,66,2.5,41,5,2.511,0.695,0,3.104,
17.2.2021,13:23:0.601,6291,12459,33.5,4354,11965,26.6,0.0,1.156,1.172,1.164,1.174,1.154,1.167,3898.1,3898.1,3898.1,3898.1,3898.1,3898.1,100.0,3598.2,999.5,415.3,523.7,181.4,247.9,193.9,215.9,296.4,12.4,11.6,1.5,3.1,1.5,5.4,12.4,5.9,100.0,39.0,39.0,39.0,39.0,39.0,39.0,36.0,47,49,46,47,47,46,53,51,54,53,53,54,49,49,No,No,No,No,No,No,No,No,No,No,No,No,No,No,No,No,No,No,No,No,No,50,50,0.000,0.000,0.000,0.000,0.000,15.569,9.160,0.692,6.439,0.0,0.0,10.7,13.4,4.6,6.3,4.9,5.5,5.3,0.8,2.9,1.9,2.3,2.3,72.0,75.7,84.1,84.5,86.7,82.5,1199.4,12.00,16,16,16,39,420,2,No,No,No,No,No,No,No,No,No,No,No,Yes,Yes,No,No,No,No,No,No,No,No,No,No,No,No,No,No,No,No,No,No,45.0,43.0,46.0,49.0,0.944,5.040,3.360,3.328,12.096,0.944,3.344,1.040,1.056,0.648,1.048,1.200,1.504,1240,923,No,51,74,100.0,No,No,5485,3414,0.0,0.0,0.1,0.073,0.028,7036,656,55,0.837,12.112,12.120,246,17.143,10.368,5.103,2.614,6.800,5.781,683.4,405.0,560.3,683.4,22.0,25.0,0.0,1.0,24.9,21.5,0.0,0.0,16.5,0.0,0.0,6,No,No,No,No,Yes,No,15.7,13.4,1019,997,66,2.5,41,5,0.055,0.093,0,3.104,
17.2.2021,13:23:2.617,6289,12462,33.5,4352,11966,26.6,0.0,1.191,1.195,1.195,1.184,1.184,1.182,3999.0,3999.0,3999.0,3999.0,3999.0,3999.0,100.0,3699.1,999.8,417.0,537.5,208.0,211.3,156.1,204.8,289.1,14.7,15.5,1.5,1.5,0.0,3.1,15.5,6.1,100.0,40.0,40.0,40.0,40.0,40.0,40.0,37.0,47,49,45,47,47,47,53,51,55,53,53,53,49,49,No,No,No,No,No,No,No,No,No,No,No,No,No,No,No,No,No,No,No,No,No,49,49,0.000,0.000,0.000,0.000,0.000,15.350,8.937,0.687,6.441,0.0,0.0,10.8,13.7,5.3,5.4,4.0,5.2,2.6,1.9,3.5,3.0,2.3,2.9,75.3,75.1,81.5,85.4,87.6,85.0,1199.7,12.00,16,16,16,39,420,2,No,No,No,No,No,No,No,No,No,No,No,Yes,Yes,No,No,No,No,No,No,No,No,No,No,No,No,No,No,No,No,No,No,45.0,43.0,46.0,49.0,0.952,5.080,3.360,3.328,12.096,0.944,3.360,1.040,1.056,0.648,1.048,1.200,1.504,1244,927,No,51,74,100.0,No,No,5485,3414,0.0,0.0,0.1,0.064,0.044,7036,656,55,0.837,12.112,12.120,234,16.464,9.883,4.909,2.192,6.545,5.564,683.4,405.0,560.3,683.4,20.0,23.0,0.0,1.0,24.9,21.6,0.0,0.0,16.4,0.0,0.0,6,No,No,No,No,Yes,No,14.6,12.9,1019,997,66,2.5,41,5,1.587,0.124,0,3.104,
17.2.2021,13:23:4.636,6289,12461,33.5,4351,11968,26.6,0.0,1.236,1.217,1.194,1.195,1.195,1.203,4000.0,3900.0,4000.0,4000.0,4000.0,4000.0,100.0,3700.0,1000.0,560.6,632.5,213.4,195.5,142.7,185.0,321.6,12.4,13.1,3.1,4.6,1.5,2.3,13.1,6.2,100.0,40.0,39.0,40.0,40.0,40.0,40.0,37.0,47,49,46,47,47,46,53,51,54,53,53,54,49,49,No,No,No,No,No,No,No,No,No,No,No,No,No,No,No,No,No,No,No,No,No,50,50,0.000,0.000,0.000,0.000,0.000,15.705,9.294,0.703,6.442,0.0,0.0,14.3,16.1,5.5,5.0,3.7,4.7,3.1,1.3,4.4,1.6,2.0,0.3,71.7,74.2,80.0,87.2,88.6,89.0,1200.0,12.00,16,16,16,39,420,2,No,No,No,No,No,No,No,No,No,No,No,Yes,Yes,No,No,No,No,No,No,No,No,No,No,No,No,No,No,No,No,No,No,45.0,43.0,46.0,49.0,0.976,5.040,3.360,3.328,12.096,0.944,3.360,1.040,1.056,0.656,1.056,1.200,1.504,1241,924,No,51,74,100.0,No,No,5485,3414,0.0,0.0,0.0,0.000,0.056,7036,657,54,0.837,12.112,12.120,222,16.561,9.786,5.103,2.033,6.800,5.781,683.4,405.0,560.3,683.4,25.0,27.0,0.0,1.0,24.9,23.6,0.0,0.0,12.7,0.0,0.0,6,No,No,No,No,Yes,No,14.7,12.9,1019,997,66,2.5,41,5,1.636,0.367,0,3.104,
17.2.2021,13:23:6.652,6280,12471,33.4,4343,11975,26.6,0.0,1.159,1.177,1.167,1.167,1.155,1.154,3900.9,3900.9,3900.9,3900.9,3900.9,3900.9,100.0,3600.9,1000.2,557.9,784.2,230.9,209.2,169.6,178.8,355.1,15.5,17.0,2.3,4.6,1.5,2.3,17.0,7.2,100.0,39.0,39.0,39.0,39.0,39.0,39.0,36.0,47,50,46,47,48,46,53,50,54,53,52,54,50,50,No,No,No,No,No,No,No,No,No,No,No,No,No,No,No,No,No,No,No,No,No,50,50,0.000,0.000,0.000,0.000,0.000,16.685,10.270,0.724,6.446,0.0,0.0,14.2,19.8,5.9,5.3,4.3,4.6,2.4,2.8,5.1,2.6,0.5,0.7,73.5,68.1,80.1,84.8,89.5,87.8,1200.3,12.00,16,16,16,39,420,2,No,No,No,No,No,No,No,No,No,No,No,Yes,Yes,No,No,No,No,No,No,No,No,No,No,No,No,No,No,No,No,No,No,45.0,43.0,46.0,50.0,0.968,5.040,3.360,3.328,12.096,0.944,3.344,1.040,1.056,0.656,1.048,1.200,1.504,1238,923,No,51,74,100.0,No,No,5485,3414,0.0,0.0,0.1,0.081,0.113,7036,657,55,0.837,12.112,12.120,216,16.270,9.690,4.909,1.998,6.545,5.564,683.4,405.0,560.3,683.4,23.0,26.0,0.0,1.0,24.9,24.0,0.0,0.0,10.8,0.0,0.0,5,No,No,No,No,Yes,No,15.0,12.7,1019,997,66,2.5,41,5,4.110,2.001,0,3.104,
17.2.2021,13:23:8.670,6279,12471,33.4,4343,11976,26.6,0.0,1.167,1.165,1.154,1.154,1.153,1.152,3900.0,3900.0,3900.0,3900.0,3900.0,3900.0,100.0,3600.0,1000.0,494.9,672.1,245.6,238.6,173.2,202.5,337.8,16.1,15.3,5.3,3.8,1.5,3.0,16.1,7.5,100.0,39.0,39.0,39.0,39.0,39.0,39.0,36.0,48,49,46,47,47,46,52,51,54,53,53,54,49,49,No,No,No,No,No,No,No,No,No,No,No,No,No,No,No,No,No,No,No,No,No,49,48,0.000,0.000,0.000,0.000,0.000,16.094,9.682,0.710,6.443,0.0,0.0,12.7,17.2,6.3,6.1,4.5,5.2,3.1,1.6,6.8,1.4,1.9,0.6,75.4,71.3,78.3,86.0,87.2,88.6,1200.0,12.00,16,16,16,39,420,2,No,No,No,No,No,No,No,No,No,No,No,Yes,Yes,No,No,No,No,No,No,No,No,No,No,No,No,No,No,No,No,No,No,45.0,43.0,46.0,49.0,0.944,5.080,3.360,3.328,12.096,0.944,3.360,1.040,1.056,0.656,1.048,1.200,1.504,1247,911,No,51,74,100.0,No,No,5485,3414,0.0,0.0,0.0,0.000,0.020,7036,657,55,0.837,12.112,12.120,207,16.561,9.883,5.006,2.156,6.679,5.678,683.4,405.0,560.3,683.4,22.0,24.0,0.0,1.0,24.9,23.2,0.0,0.0,14.5,0.0,0.0,5,No,No,No,No,Yes,No,15.0,12.9,1019,997,66,2.5,41,5,3.024,1.267,0,3.104,
17.2.2021,13:23:10.686,6279,12471,33.4,4342,11976,26.6,0.0,1.194,1.194,1.189,1.184,1.187,1.182,3998.0,3998.0,3998.0,3998.0,3998.0,3998.0,100.0,3698.2,999.5,468.1,607.1,178.8,216.9,149.9,173.8,299.1,9.3,10.0,1.5,5.3,1.5,2.3,10.0,5.0,100.0,40.0,40.0,40.0,40.0,40.0,40.0,37.0,47,48,45,47,46,46,53,52,55,53,54,54,48,48,No,No,No,No,No,No,No,No,No,No,No,No,No,No,No,No,No,No,No,No,No,49,49,0.000,0.000,0.000,0.000,0.000,15.747,9.337,0.690,6.440,0.0,0.0,12.0,15.5,4.6,5.5,3.8,4.4,6.8,2.7,2.7,4.0,0.8,1.2,69.5,69.9,84.0,83.6,90.6,88.4,1199.4,12.00,16,16,16,39,420,2,No,No,No,No,No,No,No,No,No,No,No,Yes,Yes,No,No,No,No,No,No,No,No,No,No,No,No,No,No,No,No,No,No,45.0,43.0,46.0,49.0,0.960,5.040,3.360,3.328,12.096,0.944,3.344,1.040,1.056,0.656,1.048,1.200,1.504,1240,910,No,51,74,100.0,No,No,5485,3414,0.0,0.1,0.2,0.073,0.174,7036,657,55,0.837,12.112,12.120,198,16.089,9.508,4.909,1.816,6.545,5.564,683.4,405.0,560.3,683.4,22.0,24.0,0.0,1.0,24.9,21.3,0.0,0.0,16.7,0.0,0.0,5,No,No,No,No,Yes,No,14.6,12.6,1019,997,66,2.5,41,5,0.076,0.093,0,3.104,
17.2.2021,13:23:12.704,6279,12472,33.4,4342,11976,26.6,0.0,1.192,1.164,1.168,1.179,1.174,1.166,3900.0,3900.0,3900.0,3900.0,3900.0,3900.0,100.0,3600.0,1000.0,514.5,589.9,209.7,206.6,170.6,143.3,305.8,13.1,10.0,3.8,4.6,1.5,2.3,13.1,5.9,100.0,39.0,39.0,39.0,39.0,39.0,39.0,36.0,47,49,46,48,47,46,53,51,54,52,53,54,49,49,No,No,No,No,No,No,No,No,No,No,No,No,No,No,No,No,No,No,No,No,No,50,50,0.000,0.000,0.000,0.000,0.000,15.754,9.343,0.695,6.441,0.0,0.0,13.2,15.0,5.4,5.3,4.3,3.6,6.5,2.4,2.8,0.8,1.8,0.8,69.9,72.7,82.2,86.3,89.3,88.8,1200.0,12.00,16,16,16,39,420,2,No,No,No,No,No,No,No,No,No,No,No,Yes,Yes,No,No,No,No,No,No,No,No,No,No,No,No,No,No,No,No,No,No,45.0,43.0,46.0,49.0,0.968,5.040,3.360,3.328,12.096,0.944,3.344,1.040,1.056,0.656,1.048,1.200,1.504,1240,910,No,51,74,100.0,No,No,5485,3414,0.0,0.0,0.0,0.000,0.058,7036,657,54,0.837,12.112,12.120,188,16.464,9.786,5.006,2.060,6.679,5.678,683.4,405.0,560.3,683.4,23.0,25.0,0.0,1.0,24.9,22.4,0.0,0.0,17.5,0.0,0.0,5,No,No,No,No,Yes,No,15.1,12.9,1019,997,66,2.5,41,5,2.734,0.171,0,3.104,
17.2.2021,13:23:14.729,6279,12471,33.4,4342,11976,26.6,0.0,1.218,1.219,1.213,1.218,1.211,1.212,4000.0,4000.0,4000.0,4000.0,4000.0,4000.0,100.0,3700.0,1000.0,458.5,603.6,191.3,255.4,180.5,164.2,308.9,13.9,12.4,2.3,4.6,0.7,1.5,13.9,5.9,100.0,40.0,40.0,40.0,40.0,40.0,40.0,37.0,53,51,46,47,47,53,47,49,54,53,53,47,53,53,No,No,No,No,No,No,No,No,No,No,No,No,No,No,No,No,No,No,No,No,No,53,53,0.000,0.000,0.000,0.000,0.000,15.982,9.587,0.693,6.438,0.0,0.0,11.7,15.3,4.9,6.5,4.6,4.2,3.2,2.4,1.8,1.9,1.9,2.0,74.4,72.0,85.5,84.4,87.9,86.1,1200.0,12.00,16,16,16,39,420,2,No,No,No,No,No,No,No,No,No,No,No,Yes,Yes,No,No,No,No,No,No,No,No,No,No,No,No,No,No,No,No,No,No,44.0,43.0,46.0,49.0,1.104,5.040,3.360,3.328,12.096,0.944,3.344,1.040,1.056,0.656,1.048,1.200,1.504,1240,912,No,51,74,100.0,No,No,5485,3414,0.0,0.0,0.0,0.064,0.036,7036,657,55,0.837,12.112,12.120,178,16.283,9.508,5.103,1.755,6.800,5.781,683.4,405.0,560.3,683.4,23.0,25.0,0.0,1.0,24.9,24.9,0.0,0.0,19.1,0.0,0.0,4,No,No,No,No,Yes,No,14.4,12.7,1019,997,66,2.5,41,5,1.859,0.251,0,3.104,
17.2.2021,13:23:16.747,6279,12471,33.4,4342,11976,26.6,0.0,1.211,1.151,1.161,1.174,1.177,1.167,3898.1,3898.1,3898.1,3898.1,3898.1,3898.1,100.0,3598.2,999.5,457.3,699.0,298.3,286.8,226.8,191.0,359.9,10.0,13.9,3.1,4.6,0.7,3.1,13.9,5.9,100.0,39.0,39.0,39.0,39.0,39.0,39.0,36.0,47,50,47,50,47,47,53,50,53,50,53,53,50,50,No,No,No,No,No,No,No,No,No,No,No,No,No,No,No,No,No,No,No,No,No,50,50,0.000,0.000,0.000,0.000,0.000,17.087,10.660,0.715,6.447,0.0,0.0,12.2,18.1,7.7,7.4,5.8,4.9,8.2,6.7,3.7,6.5,6.7,0.4,64.4,56.1,73.6,76.9,79.2,89.1,1199.4,12.00,16,16,16,39,420,2,No,No,No,No,No,No,No,No,No,No,No,Yes,Yes,No,No,No,No,No,No,No,No,No,No,No,No,No,No,No,No,No,No,45.0,43.0,45.0,50.0,1.096,5.040,3.360,3.328,12.096,0.944,3.344,1.040,1.056,0.656,1.056,1.200,1.504,1236,912,No,51,74,100.0,No,No,5485,3414,0.0,0.0,0.0,0.064,0.129,7036,658,54,0.837,12.112,12.120,170,16.283,9.605,5.006,1.878,6.679,5.678,683.4,405.0,560.3,683.4,28.0,29.0,0.0,1.0,24.9,25.6,0.0,0.0,20.0,0.0,0.0,4,No,No,No,No,Yes,No,15.0,12.7,1019,997,66,2.5,41,5,1.546,0.214,0,3.104,
Date,Time,"Virtual Memory Commited [MB]","Virtual Memory Available [MB]","Virtual Memory Load [%]","Physical Memory Used [MB]","Physical Memory Available [MB]","Physical Memory Load [%]","Page File Usage [%]","Core 0 VID [V]","Core 1 VID [V]","Core 2 VID [V]","Core 3 VID [V]","Core 4 VID [V]","Core 5 VID [V]","Core 0 Clock [MHz]","Core 1 Clock [MHz]","Core 2 Clock [MHz]","Core 3 Clock [MHz]","Core 4 Clock [MHz]","Core 5 Clock [MHz]","Bus Clock [MHz]","Ring/LLC Clock [MHz]","System Agent Clock [MHz]","Core 0 Effective Clock [MHz]","Core 1 Effective Clock [MHz]","Core 2 Effective Clock [MHz]","Core 3 Effective Clock [MHz]","Core 4 Effective Clock [MHz]","Core 5 Effective Clock [MHz]","Average Effective Clock [MHz]","Core 0 Usage [%]","Core 1 Usage [%]","Core 2 Usage [%]","Core 3 Usage [%]","Core 4 Usage [%]","Core 5 Usage [%]","Max CPU/Thread Usage [%]","Total CPU Usage [%]","On-Demand Clock Modulation [%]","Core 0 Ratio [x]","Core 1 Ratio [x]","Core 2 Ratio [x]","Core 3 Ratio [x]","Core 4 Ratio [x]","Core 5 Ratio [x]","Uncore Ratio [x]","Core 0 [°C]","Core 1 [°C]","Core 2 [°C]","Core 3 [°C]","Core 4 [°C]","Core 5 [°C]","Core 0 Distance to TjMAX [°C]","Core 1 Distance to TjMAX [°C]","Core 2 Distance to TjMAX [°C]","Core 3 Distance to TjMAX [°C]","Core 4 Distance to TjMAX [°C]","Core 5 Distance to TjMAX [°C]","CPU Package [°C]","Core Max [°C]","Core 0 Thermal Throttling [Yes/No]","Core 1 Thermal Throttling [Yes/No]","Core 2 Thermal Throttling [Yes/No]","Core 3 Thermal Throttling [Yes/No]","Core 4 Thermal Throttling [Yes/No]","Core 5 Thermal Throttling [Yes/No]","Core 0 Critical Temperature [Yes/No]","Core 1 Critical Temperature [Yes/No]","Core 2 Critical Temperature [Yes/No]","Core 3 Critical Temperature [Yes/No]","Core 4 Critical Temperature [Yes/No]","Core 5 Critical Temperature [Yes/No]","Core 0 Power Limit Exceeded [Yes/No]","Core 1 Power Limit Exceeded [Yes/No]","Core 2 Power Limit Exceeded [Yes/No]","Core 3 Power Limit Exceeded [Yes/No]","Core 4 Power Limit Exceeded [Yes/No]","Core 5 Power Limit Exceeded [Yes/No]","Package/Ring Thermal Throttling [Yes/No]","Package/Ring Critical Temperature [Yes/No]","Package/Ring Power Limit Exceeded [Yes/No]","CPU Package [°C]","CPU IA Cores [°C]","IA Voltage Offset [V]","GT (Slice) Voltage Offset [V]","CLR (CBo/LLC/Ring) Voltage Offset [V]","GT (Unslice) Voltage Offset [V]","Uncore/SA Voltage Offset [V]","CPU Package Power [W]","IA Cores Power [W]","Total DRAM Power [W]","Rest-of-Chip Power [W]","GPU GT Usage [%]","GPU Media Engine Usage [%]","Core 0 T0 C0 Residency [%]","Core 1 T0 C0 Residency [%]","Core 2 T0 C0 Residency [%]","Core 3 T0 C0 Residency [%]","Core 4 T0 C0 Residency [%]","Core 5 T0 C0 Residency [%]","Core 0 C3 Residency [%]","Core 1 C3 Residency [%]","Core 2 C3 Residency [%]","Core 3 C3 Residency [%]","Core 4 C3 Residency [%]","Core 5 C3 Residency [%]","Core 0 C7 Residency [%]","Core 1 C7 Residency [%]","Core 2 C7 Residency [%]","Core 3 C7 Residency [%]","Core 4 C7 Residency [%]","Core 5 C7 Residency [%]","Memory Clock [MHz]","Memory Clock Ratio [x]","Tcas [T]","Trcd [T]","Trp [T]","Tras [T]","Trfc [T]","Command Rate [T]","IA: PROCHOT [Yes/No]","IA: Thermal Event [Yes/No]","IA: DDR RAPL [Yes/No]","IA: PCS (PECI) [Yes/No]","IA: Residency State Regulation [Yes/No]","IA: Running Average Thermal Limit [Yes/No]","IA: VR Thermal Alert [Yes/No]","IA: VR TDC [Yes/No]","IA: Electrical Design Point/Other (ICCmax,PL4,SVID,DDR RAPL) [Yes/No]","IA: Package-Level RAPL/PBM PL1 [Yes/No]","IA: Package-Level RAPL/PBM PL2,PL3 [Yes/No]","IA: Max Turbo Limit [Yes/No]","IA: Turbo Attenuation (MCT) [Yes/No]","GT: Thermal Event [Yes/No]","GT: DDR RAPL [Yes/No]","IA: Thermal Velocity Boost [Yes/No]","GT: Residency State Regulation [Yes/No]","GT: Running Average Thermal Limit [Yes/No]","GT: VR Thermal Alert [Yes/No]","GT: VR TDC [Yes/No]","GT: Max VR Voltage, ICCmax, PL4 [Yes/No]","GT: Domain-Level PBM PLGT [Yes/No]","GT: Package-Level RAPL/PBM PL1 [Yes/No]","GT: Package-Level RAPL/PBM PL2,PL3 [Yes/No]","GT: Inefficient Operation [Yes/No]","GT: Fuses limit [Yes/No]","RING: VR Thermal Alert [Yes/No]","RING: VR TDC [Yes/No]","RING: Max VR Voltage, ICCmax, PL4 [Yes/No]","RING: Package-Level RAPL/PBM PL1 [Yes/No]","RING: Package-Level RAPL/PBM PL2,PL3 [Yes/No]","System [°C]","MOS [°C]","CPU Socket [°C]","CPU Core [°C]","Vcore [V]","+5V [V]","+3.3V (AVCC) [V]","+3.3V (3VCC) [V]","+12V [V]","CPU I/O [V]","3VSB [V]","VTT [V]","VCCSA [V]","iGPU [V]","PCH [V]","DRAM [V]","VIN7 [V]","CPU [RPM]","System 4 [RPM]","Chassis Intrusion [Yes/No]","Drive Temperature [°C]","Drive Temperature 2 [°C]","Drive Remaining Life [%]","Drive Failure [Yes/No]","Drive Warning [Yes/No]","Total Host Writes [GB]","Total Host Reads [GB]","Read Activity [%]","Write Activity [%]","Total Activity [%]","Read Rate [MB/s]","Write Rate [MB/s]","Read Total [MB]","Write Total [MB]","GPU Temperature [°C]","GPU Core Voltage [V]","GPU PCIe +12V Input Voltage [V]","GPU 6-pin #1 Input Voltage [V]","GPU Fan [RPM]","GPU Power [W]","GPU PCIe +12V Input Power [W]","GPU 6-pin #1 Input Power [W]","GPU FBVDD_Q Input Power (sum) [W]","GPU Core (NVVDD) Input Power (sum) [W]","GPU Core (NVVDD) Output Power (sum) [W]","GPU Clock [MHz]","GPU Memory Clock [MHz]","GPU Video Clock [MHz]","GPU Effective Clock [MHz]","GPU Core Load [%]","GPU Memory Controller Load [%]","GPU Video Engine Load [%]","GPU Bus Load [%]","GPU Memory Usage [%]","GPU D3D Usage [%]","GPU Video Decode 0 Usage [%]","GPU Video Encode 0 Usage [%]","GPU Computing (Compute_0) Usage [%]","GPU Computing (Compute_1) Usage [%]","GPU VR Usage [%]","GPU Fan [%]","Performance Limit - Power [Yes/No]","Performance Limit - Thermal [Yes/No]","Performance Limit - Reliability Voltage [Yes/No]","Performance Limit - Max Operating Voltage [Yes/No]","Performance Limit - Utilization [Yes/No]","Performance Limit - SLI GPUBoost Sync [Yes/No]","Total GPU Power (normalized) [% of TDP] [%]","Total GPU Power [% of TDP] [%]","GPU Memory Allocated [MB]","GPU D3D Memory Dedicated [MB]","GPU D3D Memory Dynamic [MB]","PCIe Link Speed [GT/s]","Total DL [MB]","Total UP [MB]","Current DL rate [KB/s]","Current UP rate [KB/s]","Total Errors []","VBAT [V]",
,,System: MSI MS-7B98,System: MSI MS-7B98,System: MSI MS-7B98,System: MSI MS-7B98,System: MSI MS-7B98,System: MSI MS-7B98,System: MSI MS-7B98,CPU [#0]: Intel Core i5-9400F,CPU [#0]: Intel Core i5-9400F,CPU [#0]: Intel Core i5-9400F,CPU [#0]: Intel Core i5-9400F,CPU [#0]: Intel Core i5-9400F,CPU [#0]: Intel Core i5-9400F,CPU [#0]: Intel Core i5-9400F,CPU [#0]: Intel Core i5-9400F,CPU [#0]: Intel Core i5-9400F,CPU [#0]: Intel Core i5-9400F,CPU [#0]: Intel Core i5-9400F,CPU [#0]: Intel Core i5-9400F,CPU [#0]: Intel Core i5-9400F,CPU [#0]: Intel Core i5-9400F,CPU [#0]: Intel Core i5-9400F,CPU [#0]: Intel Core i5-9400F,CPU [#0]: Intel Core i5-9400F,CPU [#0]: Intel Core i5-9400F,CPU [#0]: Intel Core i5-9400F,CPU [#0]: Intel Core i5-9400F,CPU [#0]: Intel Core i5-9400F,CPU [#0]: Intel Core i5-9400F,CPU [#0]: Intel Core i5-9400F,CPU [#0]: Intel Core i5-9400F,CPU [#0]: Intel Core i5-9400F,CPU [#0]: Intel Core i5-9400F,CPU [#0]: Intel Core i5-9400F,CPU [#0]: Intel Core i5-9400F,CPU [#0]: Intel Core i5-9400F,CPU [#0]: Intel Core i5-9400F,CPU [#0]: Intel Core i5-9400F,CPU [#0]: Intel Core i5-9400F,CPU [#0]: Intel Core i5-9400F,CPU [#0]: Intel Core i5-9400F,CPU [#0]: Intel Core i5-9400F,CPU [#0]: Intel Core i5-9400F,CPU [#0]: Intel Core i5-9400F,CPU [#0]: Intel Core i5-9400F,CPU [#0]: Intel Core i5-9400F: DTS,CPU [#0]: Intel Core i5-9400F: DTS,CPU [#0]: Intel Core i5-9400F: DTS,CPU [#0]: Intel Core i5-9400F: DTS,CPU [#0]: Intel Core i5-9400F: DTS,CPU [#0]: Intel Core i5-9400F: DTS,CPU [#0]: Intel Core i5-9400F: DTS,CPU [#0]: Intel Core i5-9400F: DTS,CPU [#0]: Intel Core i5-9400F: DTS,CPU [#0]: Intel Core i5-9400F: DTS,CPU [#0]: Intel Core i5-9400F: DTS,CPU [#0]: Intel Core i5-9400F: DTS,CPU [#0]: Intel Core i5-9400F: DTS,CPU [#0]: Intel Core i5-9400F: DTS,CPU [#0]: Intel Core i5-9400F: DTS,CPU [#0]: Intel Core i5-9400F: DTS,CPU [#0]: Intel Core i5-9400F: DTS,CPU [#0]: Intel Core i5-9400F: DTS,CPU [#0]: Intel Core i5-9400F: DTS,CPU [#0]: Intel Core i5-9400F: DTS,CPU [#0]: Intel Core i5-9400F: DTS,CPU [#0]: Intel Core i5-9400F: DTS,CPU [#0]: Intel Core i5-9400F: DTS,CPU [#0]: Intel Core i5-9400F: DTS,CPU [#0]: Intel Core i5-9400F: DTS,CPU [#0]: Intel Core i5-9400F: DTS,CPU [#0]: Intel Core i5-9400F: DTS,CPU [#0]: Intel Core i5-9400F: DTS,CPU [#0]: Intel Core i5-9400F: DTS,CPU [#0]: Intel Core i5-9400F: DTS,CPU [#0]: Intel Core i5-9400F: DTS,CPU [#0]: Intel Core i5-9400F: DTS,CPU [#0]: Intel Core i5-9400F: DTS,CPU [#0]: Intel Core i5-9400F: DTS,CPU [#0]: Intel Core i5-9400F: DTS,CPU [#0]: Intel Core i5-9400F: Enhanced,CPU [#0]: Intel Core i5-9400F: Enhanced,CPU [#0]: Intel Core i5-9400F: Enhanced,CPU [#0]: Intel Core i5-9400F: Enhanced,CPU [#0]: Intel Core i5-9400F: Enhanced,CPU [#0]: Intel Core i5-9400F: Enhanced,CPU [#0]: Intel Core i5-9400F: Enhanced,CPU [#0]: Intel Core i5-9400F: Enhanced,CPU [#0]: Intel Core i5-9400F: Enhanced,CPU [#0]: Intel Core i5-9400F: Enhanced,CPU [#0]: Intel Core i5-9400F: Enhanced,CPU [#0]: Intel Core i5-9400F: Enhanced,CPU [#0]: Intel Core i5-9400F: Enhanced,CPU [#0]: Intel Core i5-9400F: C-State Residency,CPU [#0]: Intel Core i5-9400F: C-State Residency,CPU [#0]: Intel Core i5-9400F: C-State Residency,CPU [#0]: Intel Core i5-9400F: C-State Residency,CPU [#0]: Intel Core i5-9400F: C-State Residency,CPU [#0]: Intel Core i5-9400F: C-State Residency,CPU [#0]: Intel Core i5-9400F: C-State Residency,CPU [#0]: Intel Core i5-9400F: C-State Residency,CPU [#0]: Intel Core i5-9400F: C-State Residency,CPU [#0]: Intel Core i5-9400F: C-State Residency,CPU [#0]: Intel Core i5-9400F: C-State Residency,CPU [#0]: Intel Core i5-9400F: C-State Residency,CPU [#0]: Intel Core i5-9400F: C-State Residency,CPU [#0]: Intel Core i5-9400F: C-State Residency,CPU [#0]: Intel Core i5-9400F: C-State Residency,CPU [#0]: Intel Core i5-9400F: C-State Residency,CPU [#0]: Intel Core i5-9400F: C-State Residency,CPU [#0]: Intel Core i5-9400F: C-State Residency,Memory Timings,Memory Timings,Memory Timings,Memory Timings,Memory Timings,Memory Timings,Memory Timings,Memory Timings,CPU [#0]: Intel Core i5-9400F: Performance Limit Reasons,CPU [#0]: Intel Core i5-9400F: Performance Limit Reasons,CPU [#0]: Intel Core i5-9400F: Performance Limit Reasons,CPU [#0]: Intel Core i5-9400F: Performance Limit Reasons,CPU [#0]: Intel Core i5-9400F: Performance Limit Reasons,CPU [#0]: Intel Core i5-9400F: Performance Limit Reasons,CPU [#0]: Intel Core i5-9400F: Performance Limit Reasons,CPU [#0]: Intel Core i5-9400F: Performance Limit Reasons,CPU [#0]: Intel Core i5-9400F: Performance Limit Reasons,CPU [#0]: Intel Core i5-9400F: Performance Limit Reasons,CPU [#0]: Intel Core i5-9400F: Performance Limit Reasons,CPU [#0]: Intel Core i5-9400F: Performance Limit Reasons,CPU [#0]: Intel Core i5-9400F: Performance Limit Reasons,CPU [#0]: Intel Core i5-9400F: Performance Limit Reasons,CPU [#0]: Intel Core i5-9400F: Performance Limit Reasons,CPU [#0]: Intel Core i5-9400F: Performance Limit Reasons,CPU [#0]: Intel Core i5-9400F: Performance Limit Reasons,CPU [#0]: Intel Core i5-9400F: Performance Limit Reasons,CPU [#0]: Intel Core i5-9400F: Performance Limit Reasons,CPU [#0]: Intel Core i5-9400F: Performance Limit Reasons,CPU [#0]: Intel Core i5-9400F: Performance Limit Reasons,CPU [#0]: Intel Core i5-9400F: Performance Limit Reasons,CPU [#0]: Intel Core i5-9400F: Performance Limit Reasons,CPU [#0]: Intel Core i5-9400F: Performance Limit Reasons,CPU [#0]: Intel Core i5-9400F: Performance Limit Reasons,CPU [#0]: Intel Core i5-9400F: Performance Limit Reasons,CPU [#0]: Intel Core i5-9400F: Performance Limit Reasons,CPU [#0]: Intel Core i5-9400F: Performance Limit Reasons,CPU [#0]: Intel Core i5-9400F: Performance Limit Reasons,CPU [#0]: Intel Core i5-9400F: Performance Limit Reasons,CPU [#0]: Intel Core i5-9400F: Performance Limit Reasons,MSI Z390-A PRO (MS-7B98) (Nuvoton NCT6797D),MSI Z390-A PRO (MS-7B98) (Nuvoton NCT6797D),MSI Z390-A PRO (MS-7B98) (Nuvoton NCT6797D),MSI Z390-A PRO (MS-7B98) (Nuvoton NCT6797D),MSI Z390-A PRO (MS-7B98) (Nuvoton NCT6797D),MSI Z390-A PRO (MS-7B98) (Nuvoton NCT6797D),MSI Z390-A PRO (MS-7B98) (Nuvoton NCT6797D),MSI Z390-A PRO (MS-7B98) (Nuvoton NCT6797D),MSI Z390-A PRO (MS-7B98) (Nuvoton NCT6797D),MSI Z390-A PRO (MS-7B98) (Nuvoton NCT6797D),MSI Z390-A PRO (MS-7B98) (Nuvoton NCT6797D),MSI Z390-A PRO (MS-7B98) (Nuvoton NCT6797D),MSI Z390-A PRO (MS-7B98) (Nuvoton NCT6797D),MSI Z390-A PRO (MS-7B98) (Nuvoton NCT6797D),MSI Z390-A PRO (MS-7B98) (Nuvoton NCT6797D),MSI Z390-A PRO (MS-7B98) (Nuvoton NCT6797D),MSI Z390-A PRO (MS-7B98) (Nuvoton NCT6797D),MSI Z390-A PRO (MS-7B98) (Nuvoton NCT6797D),MSI Z390-A PRO (MS-7B98) (Nuvoton NCT6797D),MSI Z390-A PRO (MS-7B98) (Nuvoton NCT6797D),S.M.A.R.T.: Samsung SSD 970 EVO 500GB (S5H7NC0MB41329D),S.M.A.R.T.: Samsung SSD 970 EVO 500GB (S5H7NC0MB41329D),S.M.A.R.T.: Samsung SSD 970 EVO 500GB (S5H7NC0MB41329D),S.M.A.R.T.: Samsung SSD 970 EVO 500GB (S5H7NC0MB41329D),S.M.A.R.T.: Samsung SSD 970 EVO 500GB (S5H7NC0MB41329D),S.M.A.R.T.: Samsung SSD 970 EVO 500GB (S5H7NC0MB41329D),S.M.A.R.T.: Samsung SSD 970 EVO 500GB (S5H7NC0MB41329D),Drive: Samsung SSD 970 EVO 500GB (S5H7NC0MB41329D),Drive: Samsung SSD 970 EVO 500GB (S5H7NC0MB41329D),Drive: Samsung SSD 970 EVO 500GB (S5H7NC0MB41329D),Drive: Samsung SSD 970 EVO 500GB (S5H7NC0MB41329D),Drive: Samsung SSD 970 EVO 500GB (S5H7NC0MB41329D),Drive: Samsung SSD 970 EVO 500GB (S5H7NC0MB41329D),Drive: Samsung SSD 970 EVO 500GB (S5H7NC0MB41329D),GPU [#0]: NVIDIA GeForce GTX 960: ,GPU [#0]: NVIDIA GeForce GTX 960: ,GPU [#0]: NVIDIA GeForce GTX 960: ,GPU [#0]: NVIDIA GeForce GTX 960: ,GPU [#0]: NVIDIA GeForce GTX 960: ,GPU [#0]: NVIDIA GeForce GTX 960: ,GPU [#0]: NVIDIA GeForce GTX 960: ,GPU [#0]: NVIDIA GeForce GTX 960: ,GPU [#0]: NVIDIA GeForce GTX 960: ,GPU [#0]: NVIDIA GeForce GTX 960: ,GPU [#0]: NVIDIA GeForce GTX 960: ,GPU [#0]: NVIDIA GeForce GTX 960: ,GPU [#0]: NVIDIA GeForce GTX 960: ,GPU [#0]: NVIDIA GeForce GTX 960: ,GPU [#0]: NVIDIA GeForce GTX 960: ,GPU [#0]: NVIDIA GeForce GTX 960: ,GPU [#0]: NVIDIA GeForce GTX 960: ,GPU [#0]: NVIDIA GeForce GTX 960: ,GPU [#0]: NVIDIA GeForce GTX 960: ,GPU [#0]: NVIDIA GeForce GTX 960: ,GPU [#0]: NVIDIA GeForce GTX 960: ,GPU [#0]: NVIDIA GeForce GTX 960: ,GPU [#0]: NVIDIA GeForce GTX 960: ,GPU [#0]: NVIDIA GeForce GTX 960: ,GPU [#0]: NVIDIA GeForce GTX 960: ,GPU [#0]: NVIDIA GeForce GTX 960: ,GPU [#0]: NVIDIA GeForce GTX 960: ,GPU [#0]: NVIDIA GeForce GTX 960: ,GPU [#0]: NVIDIA GeForce GTX 960: ,GPU [#0]: NVIDIA GeForce GTX 960: ,GPU [#0]: NVIDIA GeForce GTX 960: ,GPU [#0]: NVIDIA GeForce GTX 960: ,GPU [#0]: NVIDIA GeForce GTX 960: ,GPU [#0]: NVIDIA GeForce GTX 960: ,GPU [#0]: NVIDIA GeForce GTX 960: ,GPU [#0]: NVIDIA GeForce GTX 960: ,GPU [#0]: NVIDIA GeForce GTX 960: ,GPU [#0]: NVIDIA GeForce GTX 960: ,GPU [#0]: NVIDIA GeForce GTX 960: ,Network: Intel Ethernet Connection I219-V,Network: Intel Ethernet Connection I219-V,Network: Intel Ethernet Connection I219-V,Network: Intel Ethernet Connection I219-V,Windows Hardware Errors (WHEA),MSI Z390-A PRO (MS-7B98) (Nuvoton NCT6797D),
